{"type": "FeatureCollection", "features": [{"type": "Feature", "geometry": {"type": "Polygon", "coordinates": [[[35.160014447408855, 31.809048463515808], [35.16790868913472, 31.808584448413626], [35.16795856373676, 31.80500330395938], [35.16107642893411, 31.806252659232882], [35.16050349424091, 31.805109737824182], [35.1657294069866, 31.802608401256748], [35.167069081173224, 31.798636582312497], [35.16318334083854, 31.796730858642263], [35.16018753722511, 31.79961383331181], [35.15783053285287, 31.79857905268119], [35.1515216358149, 31.800753163727563], [35.14770081394147, 31.79721463724576], [35.15178748800224, 31.7963520363175], [35.15177254216911, 31.78894872820132], [35.14738820060501, 31.78752870408647], [35.143436794472564, 31.78997551835556], [35.1402531890335, 31.78741643182292], [35.13519863940576, 31.794249286475463], [35.1324191901935, 31.79531714866755], [35.13319892578983, 31.797364594700355], [35.140627427513834, 31.79900692762766], [35.14114708187236, 31.803107687769625], [35.14705934101585, 31.80428821163173], [35.14214237866787, 31.80697466644773], [35.14578164001074, 31.809674635376155], [35.14915962941342, 31.808424627194825], [35.15285866329674, 31.811033633295608], [35.160014447408855, 31.809048463515808]]]}, "properties": {"sid": "1015", "name": "מבשרת ציון"}}, {"type": "Feature", "geometry": {"type": "Polygon", "coordinates": [[[34.91455854324221, 32.52348760816665], [34.92257142533106, 32.52404501516537], [34.92384514863477, 32.51335264530837], [34.92753270537008, 32.51004450175242], [34.92916792645872, 32.503801962090904], [34.92592791913819, 32.49647475370699], [34.917875652139685, 32.49634059824007], [34.91207423623706, 32.51053158536445], [34.91455854324221, 32.52348760816665]]]}, "properties": {"sid": "1020", "name": "אור עקיבא"}}, {"type": "Feature", "geometry": {"type": "Polygon", "coordinates": [[[35.29205529251777, 32.64867532610549], [35.29269384444541, 32.65824470622829], [35.29481085573644, 32.656873350724595], [35.297043187093436, 32.65875849520842], [35.2957415011694, 32.66067206636285], [35.30090354855997, 32.659117432623475], [35.30202663272297, 32.661666720143046], [35.30452229187034, 32.66197490791569], [35.30465341662193, 32.660828957590354], [35.30723132056903, 32.66181764167089], [35.310691690569115, 32.65968675743795], [35.31327898703569, 32.65999469429977], [35.313725490539014, 32.658658919573554], [35.310425565887215, 32.65856698098145], [35.310512850487726, 32.654862287664514], [35.306305807567014, 32.65400423370846], [35.3073721840791, 32.65142735768649], [35.30569471374008, 32.653961650809606], [35.30386089356546, 32.65334280842393], [35.30390876088069, 32.65058584136352], [35.29825507301325, 32.65197458346029], [35.29205529251777, 32.64867532610549]]]}, "properties": {"sid": "103", "name": "תל עדשים"}}, {"type": "Feature", "geometry": {"type": "Polygon", "coordinates": [[[34.59285894338558, 31.532578375591584], [34.60087811263486, 31.53039383061082], [34.60894191703591, 31.531673183670534], [34.614969721075795, 31.524894032034013], [34.60958298706527, 31.52047579232402], [34.60774148937827, 31.514994311138594], [34.60156083206681, 31.51210415628185], [34.59932618045889, 31.513101762536337], [34.60034230375436, 31.515457353174384], [34.59569895204504, 31.5189789445227], [34.59309915770001, 31.51965166619152], [34.590233808843266, 31.518203137165074], [34.587372265018075, 31.525717859591623], [34.58203327421626, 31.528063834678278], [34.58058914916995, 31.530326032520463], [34.58041347919874, 31.53571235823881], [34.59494017065242, 31.53717652287827], [34.5942586931842, 31.53517434062337], [34.59538826415712, 31.534688752583918], [34.59285894338558, 31.532578375591584]]]}, "properties": {"sid": "1031", "name": "שדרות"}}, {"type": "Feature", "geometry": {"type": "Polygon", "coordinates": [[[34.73970232000613, 31.72714126475762], [34.73815000022239, 31.725798657881796], [34.73634861859392, 31.727255854574082], [34.73515789821846, 31.731464467711078], [34.73671430362225, 31.73167103658909], [34.737210193395754, 31.73696451989673], [34.741233936497, 31.736875618315196], [34.74239434072632, 31.742278693007336], [34.74544559653708, 31.739596207798797], [34.75209270701288, 31.739974060654447], [34.75800891058282, 31.73657803265013], [34.75808460022415, 31.733530646622114], [34.75018558939348, 31.728305956055067], [34.7404211706006, 31.718012033528566], [34.73719354064946, 31.72071786873471], [34.74134083441203, 31.726121804078048], [34.73970232000613, 31.72714126475762]]]}, "properties": {"sid": "1034", "name": "קריית מלאכי"}}, {"type": "Feature", "geometry": {"type": "Polygon", "coordinates": [[[35.2919374840277, 32.6554175713639], [35.291250889417086, 32.64785102460513], [35.281988093575706, 32.64683585908767], [35.283226420462995, 32.653716496519166], [35.285487302597005, 32.65498381305258], [35.28864891601472, 32.652950898265374], [35.28971609652069, 32.65727398610562], [35.2919374840277, 32.6554175713639]]]}, "properties": {"sid": "104", "name": "מזרע"}}, {"type": "Feature", "geometry": {"type": "Polygon", "coordinates": [[[34.91705482651906, 31.89229086862872], [34.92502058683067, 31.889278316041498], [34.92300487157763, 31.885384572639964], [34.91877966145228, 31.884158349728125], [34.91494092418435, 31.887950499416092], [34.91432427254722, 31.89184687873052], [34.91705482651906, 31.89229086862872]]]}, "properties": {"sid": "1050", "name": "בית חשמונאי"}}, {"type": "Feature", "geometry": {"type": "Polygon", "coordinates": [[[34.85449659554149, 31.237620329914364], [34.84996535421777, 31.24082995453881], [34.84441185802086, 31.242226312993978], [34.84385464707435, 31.247347286548063], [34.857373621195734, 31.25906205876703], [34.8610898312308, 31.26038962897826], [34.86719077173677, 31.25981124349414], [34.87136540039296, 31.254462374539003], [34.874133019922965, 31.255980570447036], [34.87630297070558, 31.255031605824], [34.87704049392369, 31.250594961488332], [34.88104706716848, 31.248600603335206], [34.88017125609866, 31.2447801241035], [34.8724160954265, 31.24462115724066], [34.87129894678901, 31.240001991898453], [34.8651278789485, 31.239416523353896], [34.86228164158456, 31.236405635411813], [34.858241106342064, 31.238619704235987], [34.85449659554149, 31.237620329914364]]]}, "properties": {"sid": "1054", "name": "תל שבע"}}, {"type": "Feature", "geometry": {"type": "MultiPolygon", "coordinates": [[[[35.2913520154832, 32.692072720279896], [35.29032042564717, 32.68720871001403], [35.28711791016349, 32.687394064784314], [35.28886160657794, 32.69227096863034], [35.2913520154832, 32.692072720279896]]], [[[35.328643140668476, 32.73279032990985], [35.33609228722935, 32.73155924076639], [35.34264723248384, 32.728504202407066], [35.33940636721013, 32.72741359186381], [35.3379992321789, 32.724897590951116], [35.33943440447422, 32.72307286382164], [35.336997284896825, 32.71397658824901], [35.33904992001783, 32.71326277205935], [35.339126230191425, 32.709373211404625], [35.33125418193498, 32.70575172965863], [35.32947424284208, 32.701972312572195], [35.33880179886398, 32.70425669668924], [35.33970631359557, 32.70142822633164], [35.33784788886902, 32.69835686797512], [35.3306166750196, 32.69977810167808], [35.32677216860077, 32.69855395889812], [35.32580385146662, 32.69596610305325], [35.322820683327905, 32.69516873534889], [35.32222160084626, 32.69267657366498], [35.316963917750684, 32.68842017325244], [35.30858650266504, 32.6862667304253], [35.307952202732, 32.6901084237648], [35.30427177132526, 32.689906276853264], [35.30380186116702, 32.69204239783846], [35.302302598686026, 32.69180048380531], [35.30260230225451, 32.69519510257197], [35.30631063153049, 32.6954773035348], [35.30984561918001, 32.69935155143298], [35.30900401382422, 32.70206203613412], [35.31127816635433, 32.701940949615164], [35.314707838895686, 32.70529237933988], [35.31234968968647, 32.70819413095444], [35.30645511121446, 32.708928206171834], [35.30739955854284, 32.71205850699454], [35.31144966526989, 32.71366073915186], [35.31222099580236, 32.71156633861568], [35.31572465197115, 32.71100288907212], [35.316277366307474, 32.71257642746019], [35.318671874207666, 32.70871718385098], [35.32215084218768, 32.70917456645316], [35.32446153507186, 32.71345951224674], [35.32653524580502, 32.712837469173905], [35.327368851691176, 32.709488437041784], [35.33432689377116, 32.71034947854565], [35.33518811693807, 32.71178353388302], [35.331874494712224, 32.71432246660862], [35.33439039220286, 32.716883360778525], [35.32977155421389, 32.71827318745767], [35.33110774082962, 32.72121149471474], [35.32973066024181, 32.72274747561556], [35.33023052052215, 32.72612507920911], [35.32835802770086, 32.72753199570508], [35.32923275328898, 32.729205232935215], [35.325381394036185, 32.73042130070252], [35.32527015059702, 32.73483818063755], [35.327036277002605, 32.73258485280877], [35.328643140668476, 32.73279032990985]]], [[[35.37028732450045, 32.72271920093044], [35.37179877279516, 32.72150324737703], [35.37107814424104, 32.72010981261781], [35.367389261005655, 32.72244830264708], [35.37028732450045, 32.72271920093044]]], [[[35.31892154219548, 32.7656978275927], [35.32144102168587, 32.762238052943815], [35.31999550269035, 32.75878194573028], [35.322664819126146, 32.758727609591574], [35.32544209287835, 32.75354968646889], [35.31676230323774, 32.7529657197922], [35.311608918117145, 32.758700749540026], [35.31247957787025, 32.76410697455731], [35.314544200054854, 32.76605567862674], [35.31892154219548, 32.7656978275927]]]]}, "properties": {"sid": "1061", "name": "נצרת עילית"}}, {"type": "Feature", "geometry": {"type": "Polygon", "coordinates": [[[35.29234035961997, 33.00976020167201], [35.287852025850384, 33.007219983815276], [35.28127485115351, 33.008259158533406], [35.28043963817879, 33.006854243928274], [35.284273966070714, 33.00446252032913], [35.281571480839204, 33.00080744890471], [35.27117785407478, 33.00710889775746], [35.270312027278294, 33.00444745218823], [35.272594914024126, 33.00067458756223], [35.27108909638474, 33.00013328112607], [35.25988971933515, 33.00356531528712], [35.260873049751524, 33.00763453260765], [35.26595456015485, 33.01137582563388], [35.26594711736561, 33.01426186789092], [35.27398705375958, 33.01620253651788], [35.27084036369189, 33.017336810945096], [35.27287110931428, 33.01962260699776], [35.272507444163296, 33.02256756833867], [35.275395441546436, 33.02228142384871], [35.26859124199228, 33.025797407024754], [35.26921705232513, 33.02959025638529], [35.27786261197002, 33.0292916895599], [35.280628181045756, 33.02597347629495], [35.28778529975182, 33.02572032073624], [35.290712485992515, 33.02139440452822], [35.29058210048362, 33.01702640544431], [35.29448221108521, 33.01405661562035], [35.29234035961997, 33.00976020167201]]]}, "properties": {"sid": "1063", "name": "מעלות-תרשיחא"}}, {"type": "Feature", "geometry": {"type": "Polygon", "coordinates": [[[34.76442580360799, 31.78849260734802], [34.76318895250819, 31.788276235859655], [34.762862033656006, 31.782214596626375], [34.761604700496605, 31.784837370448315], [34.75899734195383, 31.785443719452132], [34.75964364333953, 31.787593646829407], [34.75412607325973, 31.788578014164102], [34.75533609038831, 31.792351368021286], [34.760116238873366, 31.79096968740123], [34.76054955921484, 31.79512919845382], [34.764303191838906, 31.79456279733529], [34.76269910617884, 31.792847132789007], [34.76295295421551, 31.790978587991503], [34.76511759000482, 31.790480223283737], [34.76442580360799, 31.78849260734802]]]}, "properties": {"sid": "1066", "name": "בני עי\"ש"}}, {"type": "Feature", "geometry": {"type": "Polygon", "coordinates": [[[35.00298816237387, 31.676458147025926], [35.00816309075407, 31.675995878407093], [35.01423770810379, 31.672397756551277], [35.011328391392226, 31.67050276718902], [35.00137406366218, 31.670344683460428], [35.000780953578214, 31.6748203799566], [35.00298816237387, 31.676458147025926]]]}, "properties": {"sid": "1071", "name": "נווה מיכאל"}}, {"type": "Feature", "geometry": {"type": "Polygon", "coordinates": [[[34.658621832032, 31.44602396523385], [34.65599469649811, 31.44390642514145], [34.652354183298996, 31.44748209901968], [34.64741496003245, 31.447527500393903], [34.647267295849076, 31.451434922483713], [34.651009877603826, 31.45131167759189], [34.65098511836857, 31.452822428912043], [34.653862723186194, 31.453799529724563], [34.65559536423473, 31.45310962470944], [34.66083249692224, 31.447744992437492], [34.658621832032, 31.44602396523385]]]}, "properties": {"sid": "1080", "name": "מבועים"}}, {"type": "Feature", "geometry": {"type": "Polygon", "coordinates": [[[34.71458211397345, 31.69982623988909], [34.71020407935481, 31.697058502547918], [34.70949526609371, 31.693253688606887], [34.70242405962273, 31.6932883835521], [34.70226383101107, 31.69596789650126], [34.704946362984344, 31.698720891256187], [34.71560495970118, 31.701890214561786], [34.71458211397345, 31.69982623988909]]]}, "properties": {"sid": "1098", "name": "מרכז שפירא"}}, {"type": "Feature", "geometry": {"type": "Polygon", "coordinates": [[[35.54067933738156, 32.7379781626621], [35.536339621076706, 32.73784368523792], [35.53582425018902, 32.74032080396199], [35.538015924095646, 32.74128913098866], [35.53741127211259, 32.743225686116546], [35.5334649993103, 32.74495904662274], [35.53396766097882, 32.74833578866577], [35.53887329816422, 32.749183237816226], [35.54067933738156, 32.7379781626621]]]}, "properties": {"sid": "1105", "name": "פורייה - נווה עובד"}}, {"type": "Feature", "geometry": {"type": "Polygon", "coordinates": [[[35.266679980296885, 32.54848093154982], [35.267193916765905, 32.545461398424834], [35.26245447339528, 32.5460223109809], [35.26139395057044, 32.54815964515154], [35.26551199748076, 32.550084223108456], [35.26677581475212, 32.550137711186494], [35.266679980296885, 32.54848093154982]]]}, "properties": {"sid": "1110", "name": "חבר"}}, {"type": "Feature", "geometry": {"type": "Polygon", "coordinates": [[[35.10140190107694, 31.71221236321003], [35.09349666873635, 31.71011967138577], [35.09128002425376, 31.71346723762298], [35.086373544403614, 31.714361340003904], [35.08507447370806, 31.716426816544413], [35.088152687596505, 31.720622928205614], [35.093756314702205, 31.72308397154808], [35.10417474476873, 31.718921667201244], [35.10275617126035, 31.71667604026709], [35.104649905169026, 31.715028725095635], [35.10460769548882, 31.712737989966342], [35.10140190107694, 31.71221236321003]]]}, "properties": {"sid": "1113", "name": "צור הדסה"}}, {"type": "Feature", "geometry": {"type": "Polygon", "coordinates": [[[34.93555383963803, 31.680352328397305], [34.93866164122181, 31.676711245927322], [34.93489049070365, 31.67239075982576], [34.93092501108043, 31.678985230284184], [34.932034934564626, 31.68057677309963], [34.93555383963803, 31.680352328397305]]]}, "properties": {"sid": "1114", "name": "שריגים (לי-און)"}}, {"type": "Feature", "geometry": {"type": "Polygon", "coordinates": [[[35.10373778127365, 31.805531127759366], [35.10633814399023, 31.804951094717296], [35.10488121889318, 31.80201941816165], [35.10061169287536, 31.80296273414291], [35.09923074520276, 31.801446224463746], [35.09140251281576, 31.80130357130281], [35.093475665969265, 31.804026468446807], [35.09944661397009, 31.80368414510724], [35.10373778127365, 31.805531127759366]]]}, "properties": {"sid": "1137", "name": "קריית יערים"}}, {"type": "Feature", "geometry": {"type": "Polygon", "coordinates": [[[35.330186875523964, 32.923342124039834], [35.341105315158245, 32.927752743794144], [35.34227008020008, 32.92649378016387], [35.34657066430475, 32.92889948192561], [35.349731420668604, 32.927717316800795], [35.349471271981656, 32.92604286278794], [35.34696887241557, 32.92496025531159], [35.34045867652674, 32.924161151915655], [35.34034437269469, 32.921556100133955], [35.337474223256834, 32.9202876153812], [35.32591520462307, 32.922058222209216], [35.31273325323713, 32.91749046661181], [35.31346091628831, 32.919921747790454], [35.31039723004818, 32.918847573256926], [35.30906923445764, 32.920911513755414], [35.30729760510047, 32.92064406976806], [35.30807672825847, 32.912630632797516], [35.30389996820901, 32.90817360262969], [35.30296793242417, 32.903051717163066], [35.29926251695167, 32.90288093590652], [35.29946632581033, 32.90097065267355], [35.29734679192097, 32.90055238518448], [35.29845296972883, 32.89791640122098], [35.29740328103662, 32.89654417967023], [35.29411216434494, 32.89871718275185], [35.28299600246362, 32.897595949393576], [35.27156445733391, 32.900431314853336], [35.27476958624749, 32.90637007252087], [35.27147859636017, 32.90993166571383], [35.27127684604966, 32.91540167244926], [35.269494759375675, 32.91672544032684], [35.270948249961805, 32.91815886523949], [35.278953890709545, 32.91755676823033], [35.28069174602729, 32.91991616210123], [35.283989050954006, 32.91918174154421], [35.285476124923264, 32.92194493011448], [35.29033134611478, 32.92373441641024], [35.29507845710515, 32.92355179378029], [35.29752024326467, 32.92095052904375], [35.299691508856085, 32.92437451786975], [35.305840955196004, 32.92383328787599], [35.32650735513039, 32.92950851180842], [35.32888756021276, 32.92525544788066], [35.327380081525575, 32.922962147884846], [35.330186875523964, 32.923342124039834]]]}, "properties": {"sid": "1139", "name": "כרמיאל"}}, {"type": "Feature", "geometry": {"type": "Polygon", "coordinates": [[[34.74255518447421, 31.65196700147601], [34.743227227154875, 31.6539114382623], [34.74660857282743, 31.65221459562713], [34.7437162973693, 31.649302645700573], [34.74255518447421, 31.65196700147601]]]}, "properties": {"sid": "1145", "name": "אלומה"}}, {"type": "Feature", "geometry": {"type": "Polygon", "coordinates": [[[34.77313974770124, 31.401275497965912], [34.779100188023335, 31.39878035682807], [34.77923098811965, 31.395897403742254], [34.784258698380256, 31.392670808011417], [34.7842098049386, 31.388027882580786], [34.78047024850321, 31.387973898976327], [34.7809208852907, 31.380141013497052], [34.77806973223238, 31.38083174768707], [34.77665611308919, 31.378890823652625], [34.76576473945124, 31.378185890966165], [34.766605079460874, 31.373427250667135], [34.75295131405193, 31.3727785903597], [34.75253310681745, 31.37648056682474], [34.73602716402246, 31.374208516010242], [34.733572569718376, 31.372255461020757], [34.729328162664615, 31.373428158083073], [34.7300339748881, 31.37908615550174], [34.7271525236701, 31.38247683164053], [34.72830996643188, 31.386264006278907], [34.73922737364444, 31.399409537819963], [34.75641614828669, 31.406744433608765], [34.76103787220012, 31.406906714473337], [34.77313974770124, 31.401275497965912]]]}, "properties": {"sid": "1161", "name": "רהט"}}, {"type": "Feature", "geometry": {"type": "MultiPolygon", "coordinates": [[[[34.942178253923316, 32.48450632320828], [34.94333254995729, 32.485932451921144], [34.942024175775146, 32.49050347655424], [34.953395134477944, 32.493020705940864], [34.955211686769985, 32.48365044291364], [34.954414103228316, 32.48063036659818], [34.946800789924566, 32.46883798918191], [34.9375069836604, 32.47096589396091], [34.941854449423374, 32.480368997531286], [34.942178253923316, 32.48450632320828]]], [[[34.89910110383295, 32.51138281706341], [34.902441871195435, 32.51552473198086], [34.902313747481514, 32.5187728934543], [34.90079770904708, 32.51941821367967], [34.90315962101977, 32.52662801197323], [34.90746917586182, 32.530453334953506], [34.9124133292118, 32.52912065839172], [34.9106536383548, 32.519670258575616], [34.907836303402746, 32.5197408283766], [34.90678333848035, 32.516314394293886], [34.90804584364082, 32.516011987363356], [34.90790852885556, 32.51152152309987], [34.9052152239035, 32.51026496965267], [34.90906068810034, 32.509924769612496], [34.910162245191486, 32.506735931917774], [34.90844591784486, 32.50366373809106], [34.913270772528165, 32.50439978102514], [34.91793091098282, 32.493414135054365], [34.91580037298888, 32.48777772136481], [34.90917798487618, 32.481614411975556], [34.90370549511255, 32.48177323764486], [34.90329296979479, 32.483933828283625], [34.9016912403585, 32.48311402699079], [34.89884552819859, 32.48611580839787], [34.90118122493362, 32.49043437984278], [34.90334730233616, 32.49029529429242], [34.90482195127208, 32.502143200348485], [34.89910110383295, 32.51138281706341]]]]}, "properties": {"sid": "1167", "name": "קיסריה"}}, {"type": "Feature", "geometry": {"type": "Polygon", "coordinates": [[[35.043248283281685, 31.16153270886747], [35.04215466180824, 31.156214272970374], [35.037729643008674, 31.154395198979273], [35.0263673285894, 31.141414044622536], [35.02025053033776, 31.142765504424517], [35.02035026425335, 31.145712466757004], [35.0189783664585, 31.146435866122374], [35.01266344036554, 31.141258372875654], [35.004463354500274, 31.145742031969235], [35.00142280871569, 31.150883872492784], [35.00650631651337, 31.161575825963666], [35.010236704360466, 31.164914268578684], [35.02338717947481, 31.164576344722605], [35.026206051368206, 31.16538947484446], [35.02697232321418, 31.16725282515779], [35.041124296848864, 31.167567110333948], [35.04317582940104, 31.165255315780257], [35.04637187516198, 31.16591128667659], [35.047589544621815, 31.163765060009553], [35.043248283281685, 31.16153270886747]]]}, "properties": {"sid": "1192", "name": "ערערה-בנגב"}}, {"type": "Feature", "geometry": {"type": "Polygon", "coordinates": [[[35.16766853327624, 32.7872854633535], [35.169645248529434, 32.788998338202816], [35.1712831612889, 32.787369913290945], [35.17375710990274, 32.787862275024], [35.17923609277153, 32.78428307040741], [35.179317787186164, 32.783114639728865], [35.17671407539433, 32.783114091142465], [35.176795984746946, 32.781327059995874], [35.181271280145495, 32.78043443430175], [35.18192255028549, 32.778991170805966], [35.176716119553305, 32.77651574640464], [35.1693923187006, 32.7800192865609], [35.16766853327624, 32.7872854633535]]]}, "properties": {"sid": "1199", "name": "עדי"}}, {"type": "Feature", "geometry": {"type": "MultiPolygon", "coordinates": [[[[34.96750933658666, 31.886636660953172], [34.96540614247954, 31.886709077961655], [34.96099183460552, 31.88084049888994], [34.95744827012163, 31.884193261409962], [34.96014597725508, 31.887710776131485], [34.959641159012335, 31.8924819538791], [34.97025306562654, 31.889829540201163], [34.9697885064345, 31.887748026050588], [34.96750933658666, 31.886636660953172]]], [[[35.00267488084114, 31.924317101752877], [34.996350332002294, 31.920432951419627], [35.00454596622342, 31.921018763505174], [35.00984322668364, 31.919174447342925], [35.01612311518966, 31.913523906203352], [35.019558358131746, 31.906550341824868], [35.01537504292395, 31.90179381942926], [35.01846087856677, 31.89921016251901], [35.02651584083344, 31.89972685181283], [35.02497279036203, 31.892600722845145], [35.02285619635643, 31.892981622603827], [35.02392037942201, 31.888099955048915], [35.02980960512923, 31.888454305022208], [35.02912512302606, 31.89579257956393], [35.033246390408635, 31.89881605441741], [35.036861070582006, 31.89604605797922], [35.03578873965864, 31.88933432132194], [35.03910044093266, 31.88722609370933], [35.038944478704764, 31.884283102783], [35.02610321119431, 31.882754901017904], [35.018830401002276, 31.87921032749466], [35.01340085746364, 31.881306454729156], [35.01010184472443, 31.877138803013395], [35.00747335031491, 31.876974527452546], [35.00234971386823, 31.88009097781645], [34.99840732253995, 31.879644012061533], [34.99619011508179, 31.884447278519133], [35.0000765559883, 31.88906017019076], [35.00118673937658, 31.89419441414094], [34.995508889423775, 31.89560154467557], [34.98893045028012, 31.894933610098064], [34.991908844817374, 31.900217073159467], [34.988807059698104, 31.90617453312825], [34.99164439557245, 31.90953869905178], [34.99029026568326, 31.911903607565478], [34.973985188265885, 31.915636722157046], [34.970156196051676, 31.908739953586064], [34.96613820771216, 31.907569275501714], [34.96316356874377, 31.9085777428686], [34.962978697808694, 31.912424923871185], [34.96052679607482, 31.9140308369536], [34.95952867720672, 31.92121693451395], [34.96616240577049, 31.92531567837591], [34.97021840395621, 31.925591651533523], [34.972882811892305, 31.922971866158775], [34.976938288471274, 31.92342657867374], [34.975422080065016, 31.929773164499977], [34.98365645348258, 31.929073621450527], [34.99276030314553, 31.925341296463728], [34.993225279623005, 31.923874640702138], [34.99638331733627, 31.925359210059526], [35.00267488084114, 31.924317101752877]]]]}, "properties": {"sid": "1200", "name": "מודיעין-מכבים-רעות"}}, {"type": "Feature", "geometry": {"type": "Polygon", "coordinates": [[[35.24112320826947, 32.900689051558516], [35.23604293982987, 32.899938599686664], [35.229448434297865, 32.90174449321387], [35.22811209839466, 32.903699553691524], [35.23025126718227, 32.90422541157352], [35.230251835553815, 32.906180199556616], [35.23289832000154, 32.90785698281354], [35.23750576537884, 32.907259484937356], [35.24374769080333, 32.903848440952856], [35.24112320826947, 32.900689051558516]]]}, "properties": {"sid": "1204", "name": "גילון"}}, {"type": "Feature", "geometry": {"type": "Polygon", "coordinates": [[[35.28386506052419, 32.94321235416686], [35.2842898741784, 32.94595767320811], [35.28764842113776, 32.94619065157735], [35.29196456711111, 32.94146816402463], [35.28853765818644, 32.93879518644877], [35.28091900920498, 32.943048595716164], [35.28386506052419, 32.94321235416686]]]}, "properties": {"sid": "1207", "name": "לבון"}}, {"type": "Feature", "geometry": {"type": "Polygon", "coordinates": [[[35.175763891290615, 32.70899995948059], [35.17708320572541, 32.707947706821244], [35.17404255741815, 32.705566944159216], [35.174905714127476, 32.70228710676463], [35.172709396121775, 32.69911028221378], [35.16788703885584, 32.70051494950536], [35.16537814258726, 32.69823841377183], [35.16306342973354, 32.698288877429775], [35.15652880466064, 32.70017545093634], [35.155262319100814, 32.702826244035975], [35.15838257629491, 32.706804349241395], [35.16655931036394, 32.70556109586795], [35.175763891290615, 32.70899995948059]]]}, "properties": {"sid": "122", "name": "רמת ישי"}}, {"type": "Feature", "geometry": {"type": "Polygon", "coordinates": [[[34.9902868248771, 32.209083299754525], [34.9873368210375, 32.20712582189924], [34.98259645316381, 32.209194514415344], [34.98548958207863, 32.21483299025033], [34.97946627824621, 32.218342964156534], [34.98075312445718, 32.22040766188417], [34.98884464056778, 32.21953987366629], [34.98761190026903, 32.222369686711716], [34.99282487806573, 32.22258480184718], [34.99122101723623, 32.22456136601426], [34.99584407574355, 32.226224545226614], [34.99327872453358, 32.22866409117489], [34.99956607111733, 32.22889819099879], [34.99692370466528, 32.232638492072795], [35.00245059352011, 32.23226308087652], [35.00450454524861, 32.230585645611086], [35.00619726449219, 32.23094283744206], [35.00530904547611, 32.23307865355707], [35.00893199311702, 32.232868423538946], [35.010546260001945, 32.230782750923254], [35.007851685207186, 32.22707848568359], [34.99163702742692, 32.21313502616056], [34.9902868248771, 32.209083299754525]]]}, "properties": {"sid": "1224", "name": "כוכב יאיר"}}, {"type": "Feature", "geometry": {"type": "Polygon", "coordinates": [[[35.10590718706709, 32.491164531318134], [35.110613388796935, 32.49040450076717], [35.10825112159205, 32.48728949201649], [35.11274677494379, 32.48208714330707], [35.10952950068594, 32.477440283342446], [35.10625730662946, 32.47805902320539], [35.10706628098416, 32.48518880342061], [35.10381401950144, 32.48579867866613], [35.100977271783734, 32.48409031211827], [35.100021735814494, 32.48644274433724], [35.096118981206075, 32.484852663819424], [35.09407994023712, 32.4857098022656], [35.09595533966723, 32.489371110488435], [35.10590718706709, 32.491164531318134]]]}, "properties": {"sid": "1243", "name": "קציר"}}, {"type": "Feature", "geometry": {"type": "Polygon", "coordinates": [[[35.22050841503136, 32.701172897111576], [35.21881172977754, 32.70272422224514], [35.22216000108324, 32.70377079568573], [35.21950008616011, 32.705128365481755], [35.21991311509822, 32.70648554677064], [35.222252353363444, 32.70695056731489], [35.22525358798276, 32.70497092207046], [35.22596878912839, 32.70744876654737], [35.22879815161343, 32.705801838983746], [35.22989345571847, 32.7076181871297], [35.23153561237865, 32.706343630154436], [35.22934792696532, 32.6999951926241], [35.22761775635445, 32.70208847440364], [35.22339746642001, 32.699660154692424], [35.22050841503136, 32.701172897111576]]]}, "properties": {"sid": "1244", "name": "תמרת"}}, {"type": "Feature", "geometry": {"type": "Polygon", "coordinates": [[[35.059133315250335, 32.45742048606661], [35.05660694245648, 32.456295296590724], [35.057030879271736, 32.45338416144995], [35.049394324788295, 32.451478229137024], [35.03871054255757, 32.454291876868695], [35.03615390038226, 32.464975966667566], [35.03824067916406, 32.4726086621601], [35.05106815557099, 32.46719273435724], [35.05136886638013, 32.46210554743311], [35.05512782928594, 32.461875178896435], [35.0565203512333, 32.46354422078923], [35.060577588684794, 32.462793645710235], [35.059133315250335, 32.45742048606661]]]}, "properties": {"sid": "1247", "name": "חריש"}}, {"type": "Feature", "geometry": {"type": "Polygon", "coordinates": [[[35.2317384319831, 32.66267771190695], [35.23218669545969, 32.6615547896219], [35.229421417764286, 32.66190365463001], [35.22935662520814, 32.65869221967023], [35.22792185041311, 32.6614724899635], [35.224786481011336, 32.660339529445764], [35.219870766922384, 32.66290932510532], [35.22076726149999, 32.66640243762242], [35.22395763523673, 32.66694721993832], [35.2317384319831, 32.66267771190695]]]}, "properties": {"sid": "126", "name": "שריד"}}, {"type": "Feature", "geometry": {"type": "Polygon", "coordinates": [[[35.27942540435896, 33.00033474635154], [35.28198812685065, 32.999561983199044], [35.28380913708207, 32.99336453374627], [35.279526498948826, 32.99238076715875], [35.27691938951824, 32.98914129763284], [35.274568120122694, 32.99055911571065], [35.25121279583391, 32.99309257246432], [35.25496256227251, 32.99637177134025], [35.260126359743765, 32.99634094617778], [35.26092597575325, 32.998323073551035], [35.25620052943094, 33.000960098030134], [35.25801192141307, 33.00305821276635], [35.274298901772966, 32.99912705037315], [35.27942540435896, 33.00033474635154]]]}, "properties": {"sid": "1263", "name": "כפר ורדים"}}, {"type": "Feature", "geometry": {"type": "Polygon", "coordinates": [[[34.92813092989854, 31.33232295234245], [34.93041931509936, 31.33461513897754], [34.93569590913893, 31.335073686201724], [34.95053303307304, 31.333338519856852], [34.95055004824616, 31.326998449618827], [34.94681020762505, 31.32200206634235], [34.941731238705756, 31.319809120794332], [34.92890123430459, 31.31863893823646], [34.92661013405052, 31.320384899143846], [34.92956024401008, 31.324183187604092], [34.928981097699534, 31.327310485590488], [34.92644133759768, 31.32813196411888], [34.92813092989854, 31.33232295234245]]]}, "properties": {"sid": "1268", "name": "מיתר"}}, {"type": "Feature", "geometry": {"type": "Polygon", "coordinates": [[[34.815654521139265, 31.364140031936984], [34.79978449705692, 31.36671144277892], [34.79958581433391, 31.371540588127687], [34.815019445990686, 31.37626127883499], [34.82011957595773, 31.375036306880133], [34.826055010630284, 31.37081129550495], [34.81944216612311, 31.3632567501989], [34.815654521139265, 31.364140031936984]]]}, "properties": {"sid": "1271", "name": "להבים"}}, {"type": "Feature", "geometry": {"type": "Polygon", "coordinates": [[[35.34154296483604, 32.52726270041336], [35.33350503572888, 32.52312575245156], [35.327349619689244, 32.52347326937593], [35.33093923485785, 32.52753178566343], [35.32230134193344, 32.53278043237111], [35.32352050246925, 32.53464978026318], [35.33519275204395, 32.53124680139882], [35.33703043570608, 32.53308781435118], [35.33655402704676, 32.53785362314625], [35.34119220585569, 32.53917443765022], [35.346093218727106, 32.537047816203824], [35.34420106942389, 32.53237626445309], [35.339069825612, 32.52937330403478], [35.342851047637794, 32.52849728072499], [35.34154296483604, 32.52726270041336]]]}, "properties": {"sid": "1274", "name": "גן נר"}}, {"type": "Feature", "geometry": {"type": "Polygon", "coordinates": [[[35.144156987754855, 32.76255798316447], [35.14576001221485, 32.765688259705485], [35.14951596419047, 32.76502195290084], [35.14973800320632, 32.758878913331216], [35.151411795318154, 32.75834266468229], [35.14970964848152, 32.75456473237654], [35.14347254252385, 32.755643728175585], [35.144465058615594, 32.75372476288754], [35.14008594121327, 32.75553733657887], [35.1409508641911, 32.75892299000401], [35.14511997190925, 32.75875551465532], [35.144156987754855, 32.76255798316447]]]}, "properties": {"sid": "1284", "name": "נופית"}}, {"type": "Feature", "geometry": {"type": "Polygon", "coordinates": [[[34.83037586815186, 31.19424079537646], [34.83247553152063, 31.19752150691204], [34.832462248534, 31.209173049596586], [34.843256567336766, 31.209930245484486], [34.847759849637384, 31.201723829291325], [34.8470271908522, 31.19226438589277], [34.843221142142056, 31.18822682111096], [34.84590646920822, 31.18437690257207], [34.845330154862836, 31.182633279002687], [34.84128879494199, 31.179734487056976], [34.8374321144006, 31.179389464851965], [34.833637156129896, 31.184580778879877], [34.83159046372896, 31.182713534502057], [34.82994750667217, 31.184068969307532], [34.83293038972573, 31.18741032302802], [34.83047363255213, 31.189374523315678], [34.83037586815186, 31.19424079537646]]]}, "properties": {"sid": "1286", "name": "שגב-שלום"}}, {"type": "Feature", "geometry": {"type": "MultiPolygon", "coordinates": [[[[35.12025450783932, 32.91653105366527], [35.11801706113852, 32.91709991712753], [35.12040117557382, 32.91913727366631], [35.12043235147189, 32.931053813282915], [35.133162535622546, 32.93120486161513], [35.13376312446866, 32.93534355785897], [35.13755999649669, 32.937199996882384], [35.137858417631946, 32.93913879402015], [35.14270691729047, 32.93842482674444], [35.1421580934213, 32.93707593270818], [35.148556718517796, 32.93480316963064], [35.16080340195549, 32.93303798211724], [35.158713251615325, 32.92112534106167], [35.158118362672326, 32.92277124969348], [35.14781412941858, 32.92371888511849], [35.145155916912074, 32.926081878975594], [35.139086712581786, 32.925239327533006], [35.12830033659134, 32.91498979284472], [35.12025450783932, 32.91653105366527]]], [[[35.15772254855682, 32.939671413904705], [35.158237151423464, 32.94029188586188], [35.162650928697474, 32.93998329789093], [35.16162221039673, 32.93762589421971], [35.156584074295665, 32.936507557577784], [35.15772254855682, 32.939671413904705]]]]}, "properties": {"sid": "1292", "name": "ג'דיידה-מכר"}}, {"type": "Feature", "geometry": {"type": "Polygon", "coordinates": [[[35.433687624884044, 32.77408978561516], [35.432398653575035, 32.77421879246333], [35.43263213286667, 32.77640058911595], [35.435730732587274, 32.77943665088077], [35.44267515803216, 32.777573021777584], [35.4407043234458, 32.76916502164846], [35.43774297106131, 32.769716134292196], [35.433687624884044, 32.77408978561516]]]}, "properties": {"sid": "1293", "name": "גבעת אבני"}}, {"type": "Feature", "geometry": {"type": "Polygon", "coordinates": [[[35.13945967042753, 32.60691633392173], [35.13664966135286, 32.61031701771623], [35.14232313430523, 32.61490763138215], [35.15112926610283, 32.60729664552383], [35.15122931118384, 32.60570190921578], [35.147468753780004, 32.60397999168333], [35.13945967042753, 32.60691633392173]]]}, "properties": {"sid": "130", "name": "משמר העמק"}}, {"type": "Feature", "geometry": {"type": "Polygon", "coordinates": [[[34.944556101882654, 31.305159874228877], [34.95049774637397, 31.305485585291592], [34.9542573711808, 31.303392645254405], [34.947332707438534, 31.294270818143787], [34.94589584441775, 31.288133804031872], [34.94340797699658, 31.285955002121682], [34.93849900422572, 31.288465401157396], [34.93588714277746, 31.28592763395318], [34.930538605672155, 31.286586802838713], [34.91548422351815, 31.299396120134872], [34.924509816874604, 31.308807861693538], [34.93406569547551, 31.310999627331], [34.934129023935384, 31.312674385314665], [34.9378062969231, 31.31390468935001], [34.94014260609646, 31.30917335876353], [34.93970647447429, 31.30785225467787], [34.936074306084436, 31.308052606542617], [34.93548055568317, 31.30399785121989], [34.944556101882654, 31.305159874228877]]]}, "properties": {"sid": "1303", "name": "חורה"}}, {"type": "Feature", "geometry": {"type": "Polygon", "coordinates": [[[34.939268725871045, 31.99420842357995], [34.94171319111092, 31.99709026690232], [34.938806850256015, 32.00157727866855], [34.94006210148484, 32.00677524408229], [34.95009445799292, 32.01108250745182], [34.95313002513063, 32.01070286584462], [34.95341864365554, 32.004466098032026], [34.95031191945958, 31.988055808928493], [34.933588300259885, 31.98675331091664], [34.93353159170965, 31.988340861641518], [34.93737307820504, 31.99018237821423], [34.93725307446988, 31.99316011804507], [34.939268725871045, 31.99420842357995]], [[34.93947936777863, 31.989391137590985], [34.94225862633459, 31.989195076391695], [34.94465519008503, 31.9903369932577], [34.94186084090512, 31.993049256817812], [34.93880326016239, 31.991165850723462], [34.93947936777863, 31.989391137590985]]]}, "properties": {"sid": "1304", "name": "שוהם"}}, {"type": "Feature", "geometry": {"type": "Polygon", "coordinates": [[[34.96331035968541, 32.05726699687443], [34.9660821970358, 32.05452835350076], [34.96910224457298, 32.05496951772909], [34.966720446791214, 32.04473687950343], [34.961345555053356, 32.04473661690139], [34.960847151674784, 32.04589579085814], [34.955257100734684, 32.04456596604655], [34.953240185786, 32.04685114516428], [34.94880787348461, 32.044571745989344], [34.945942712586145, 32.046458903155894], [34.94380984534814, 32.055930863318736], [34.94843522680435, 32.053792715261636], [34.95465121668036, 32.053807217728945], [34.956534644358385, 32.05768817636829], [34.96331035968541, 32.05726699687443]]]}, "properties": {"sid": "1309", "name": "אלעד"}}, {"type": "Feature", "geometry": {"type": "Polygon", "coordinates": [[[35.036987910064056, 31.914082760211272], [35.037364279937606, 31.91287368467289], [35.027754026527134, 31.916322153044973], [35.02795467157091, 31.918889659929903], [35.03320160057348, 31.921005472424667], [35.036987910064056, 31.914082760211272]]]}, "properties": {"sid": "1310", "name": "לפיד"}}, {"type": "Feature", "geometry": {"type": "Polygon", "coordinates": [[[35.546597894477316, 32.72338110915092], [35.54667088255525, 32.7271729179958], [35.5410053146436, 32.73448615451247], [35.542031281018865, 32.73658672439785], [35.55075880577431, 32.73407915642798], [35.549543639127705, 32.722114005756794], [35.546597894477316, 32.72338110915092]]]}, "properties": {"sid": "1313", "name": "פורייה עילית"}}, {"type": "Feature", "geometry": {"type": "Polygon", "coordinates": [[[34.973762561992714, 32.15155058738975], [34.9711908309921, 32.15069309101341], [34.970685248325594, 32.15303578087662], [34.97338516958996, 32.154835344975254], [34.97283420983098, 32.1591024698032], [34.97086154152697, 32.15818415677347], [34.967959510223295, 32.16035714636524], [34.97058792009648, 32.164924697816616], [34.97733949132453, 32.15871106866092], [34.973762561992714, 32.15155058738975]]]}, "properties": {"sid": "1315", "name": "מתן"}}, {"type": "Feature", "geometry": {"type": "Polygon", "coordinates": [[[35.0089750940254, 32.33726476185933], [35.01063430363024, 32.34135132980009], [35.01704712272658, 32.33845937629923], [35.01616033453189, 32.32442572017089], [35.01195592482611, 32.326280240041115], [35.0089750940254, 32.33726476185933]]]}, "properties": {"sid": "1319", "name": "בת חפר"}}, {"type": "Feature", "geometry": {"type": "MultiPolygon", "coordinates": [[[[35.18829109126091, 32.54480284107831], [35.18281781908712, 32.54364503139311], [35.18088137097851, 32.54729507380864], [35.175248511409734, 32.54385219112578], [35.17441279391534, 32.54549017762963], [35.17992820292426, 32.54981022935863], [35.179405093370406, 32.55379040210545], [35.18545521768419, 32.555203636338774], [35.19092008389481, 32.550981657477564], [35.19694265208176, 32.55009507252964], [35.201566914781324, 32.5454044785339], [35.20135247143946, 32.54275123388237], [35.203297642971904, 32.54310231571935], [35.20453428632828, 32.54106406255647], [35.20035752537956, 32.539340428218225], [35.195070364305934, 32.540347962988164], [35.19329772051344, 32.5473621794211], [35.189758076174314, 32.547099856173475], [35.18829109126091, 32.54480284107831]]], [[[35.14856938546882, 32.55370158056354], [35.14783049348256, 32.55607444358077], [35.15332044358365, 32.55751924941387], [35.153271732704354, 32.55613640237311], [35.150080494719134, 32.5546390311664], [35.157913049247895, 32.553788339060645], [35.159595488341154, 32.55844634072611], [35.16033549099018, 32.55670148238755], [35.16382383440248, 32.55560304504456], [35.165025501325886, 32.56053658369643], [35.16890530703432, 32.5563646655969], [35.157353229368084, 32.54783133414878], [35.16317000209398, 32.54009098441145], [35.15724142385267, 32.54075397541567], [35.156630950558, 32.539841957640306], [35.15888673443527, 32.538269275406776], [35.15453223327597, 32.537563517142644], [35.1547043554217, 32.536388008799634], [35.15224052957683, 32.53797366285431], [35.152445822316906, 32.540393960612846], [35.147150018758396, 32.54102788193126], [35.146646907428874, 32.542764957536804], [35.14969742309768, 32.54849597271101], [35.15282123800978, 32.550749132366604], [35.15466468452763, 32.54959947053919], [35.15530930238248, 32.551153660013426], [35.152987923753756, 32.55212207067706], [35.14847896043574, 32.550956153603636], [35.14730417964421, 32.55187058066281], [35.14856938546882, 32.55370158056354]]]]}, "properties": {"sid": "1327", "name": "מעלה עירון"}}, {"type": "Feature", "geometry": {"type": "Polygon", "coordinates": [[[35.210988051557365, 32.67259987088738], [35.20627591610071, 32.67398402104578], [35.208312170969975, 32.678333012958205], [35.217208640566355, 32.67713730314409], [35.217511023215195, 32.673154168030464], [35.21548028928396, 32.67166588896964], [35.210988051557365, 32.67259987088738]]]}, "properties": {"sid": "133", "name": "גבת"}}, {"type": "Feature", "geometry": {"type": "Polygon", "coordinates": [[[35.336115813494075, 32.63971004578207], [35.33465898012787, 32.644290003381], [35.33699240697405, 32.644536478775535], [35.33607350938502, 32.6467199023017], [35.33902072892357, 32.6469553556052], [35.342404144835484, 32.64184722616858], [35.33910408078873, 32.638999236025995], [35.336115813494075, 32.63971004578207]]]}, "properties": {"sid": "1330", "name": "אחוזת ברק"}}, {"type": "Feature", "geometry": {"type": "Polygon", "coordinates": [[[34.77994204339063, 31.93394457807989], [34.77713153968887, 31.92331623006004], [34.772923326750174, 31.92360428650869], [34.77193449338222, 31.924934132004637], [34.77430471509058, 31.92948227608622], [34.77778385843834, 31.934152092145382], [34.77994204339063, 31.93394457807989]]]}, "properties": {"sid": "1336", "name": "אירוס"}}, {"type": "Feature", "geometry": {"type": "Polygon", "coordinates": [[[35.24785166602163, 32.73687134813429], [35.2547615898755, 32.73386616818914], [35.25515903176398, 32.732431376307034], [35.25073592762101, 32.73337799819609], [35.25164879615505, 32.72960163161008], [35.2498353806983, 32.73153542042337], [35.24550399301489, 32.72906252311702], [35.2411133166263, 32.730146431912374], [35.24180067566073, 32.73311034466673], [35.240307393671344, 32.73557228463329], [35.24626905617208, 32.73487451324826], [35.24785166602163, 32.73687134813429]]]}, "properties": {"sid": "1337", "name": "שמשית"}}, {"type": "Feature", "geometry": {"type": "Polygon", "coordinates": [[[35.22517879946207, 32.67260767790208], [35.223733690557424, 32.670999442770096], [35.21938934813994, 32.679592333619325], [35.2225020141567, 32.680084372495855], [35.22209561861797, 32.683001863145535], [35.225221383260305, 32.684630288057406], [35.227679685469184, 32.68247413647225], [35.226810603126864, 32.67877644797477], [35.23056787170998, 32.67400732158069], [35.22517879946207, 32.67260767790208]]]}, "properties": {"sid": "134", "name": "יפעת"}}, {"type": "Feature", "geometry": {"type": "Polygon", "coordinates": [[[35.00541462588433, 32.2434402086987], [35.00596960831081, 32.24011475768998], [35.00104016786952, 32.23826015148484], [34.99565961310071, 32.238738443324564], [34.992098635044044, 32.2366744497661], [34.98826439708432, 32.23765257940306], [34.99006631740667, 32.24194764526766], [34.99238541085805, 32.2410931598215], [34.995286809039044, 32.2430959778971], [35.00012518772729, 32.24288674252921], [35.00188397566501, 32.24481654554717], [35.00541462588433, 32.2434402086987]]]}, "properties": {"sid": "1345", "name": "צור יצחק"}}, {"type": "Feature", "geometry": {"type": "MultiPolygon", "coordinates": [[[[35.01069013714016, 32.44151815743709], [35.00804372913484, 32.44253948960579], [35.00835549351126, 32.444216907784096], [35.013579293749444, 32.44789879699192], [35.01552084640997, 32.44714821381905], [35.01301751154898, 32.4421973110571], [35.01069013714016, 32.44151815743709]]], [[[35.00997529932067, 32.466319260625426], [35.012619757595814, 32.46523316827614], [35.01077280552062, 32.46017494941441], [35.005805142093664, 32.45944541397472], [35.00535538574252, 32.461431362567396], [35.003797727583105, 32.46140184501917], [35.00381414830434, 32.46637530277803], [35.00997529932067, 32.466319260625426]]]]}, "properties": {"sid": "139", "name": "עין שמר"}}, {"type": "Feature", "geometry": {"type": "Polygon", "coordinates": [[[35.57661735430753, 32.68800290131287], [35.57783112610565, 32.68537090224538], [35.573667542922806, 32.68530886970865], [35.57212044190493, 32.68366246555041], [35.57229222140893, 32.68538283894691], [35.569900833256895, 32.68608846411138], [35.57173994504251, 32.68874825672674], [35.56886595280156, 32.69119539115445], [35.572473297204965, 32.69374526143474], [35.573389649712624, 32.69182905166946], [35.576974477789975, 32.691106884375245], [35.57661735430753, 32.68800290131287]]]}, "properties": {"sid": "143", "name": "בית זרע"}}, {"type": "Feature", "geometry": {"type": "Polygon", "coordinates": [[[34.80389055870239, 31.871719858884433], [34.80829121756568, 31.869112280907075], [34.80495100778285, 31.863478666807055], [34.796058000576295, 31.863202486805392], [34.79631750804663, 31.86516773750111], [34.794308317375, 31.86593893673262], [34.79783809794992, 31.872969524424036], [34.80389055870239, 31.871719858884433]]]}, "properties": {"sid": "147", "name": "גבעת ברנר"}}, {"type": "Feature", "geometry": {"type": "Polygon", "coordinates": [[[34.90005522606788, 32.250925541280765], [34.90477032748868, 32.25012882288689], [34.90487389251615, 32.25169193003859], [34.91270166714827, 32.25365831388012], [34.91544669301055, 32.262072474365254], [34.918767247210724, 32.26258545305626], [34.92516298998004, 32.26149353040216], [34.926036255968484, 32.256560353277735], [34.923182865396996, 32.25198593909988], [34.927883609141304, 32.24783914086373], [34.92319701173278, 32.24739576520244], [34.92353329342683, 32.244858846058946], [34.909158676431844, 32.2471109678969], [34.89648146145032, 32.245467556682456], [34.896297648118036, 32.24715740349143], [34.899292983184694, 32.2480476648679], [34.89550403418389, 32.25358869286396], [34.89954044153819, 32.25395169251664], [34.90005522606788, 32.250925541280765]]]}, "properties": {"sid": "154", "name": "תל מונד"}}, {"type": "Feature", "geometry": {"type": "Polygon", "coordinates": [[[34.71550252692015, 31.720295587571343], [34.711103008397174, 31.719926741426036], [34.711700782365256, 31.72551328590947], [34.7028887303307, 31.7263153354844], [34.70608801724825, 31.735617352558847], [34.70766749835644, 31.73659981602873], [34.71106556332512, 31.735195718907335], [34.71293982331423, 31.737995392073742], [34.716840912378245, 31.737405325295583], [34.71671965049154, 31.739280550257263], [34.72028200720894, 31.74103129555789], [34.72239506058361, 31.741150926074454], [34.724165172784524, 31.7391513077867], [34.7269915675069, 31.7413667058089], [34.72924118023633, 31.741123106446253], [34.7303480936896, 31.739254247785368], [34.729314270836994, 31.737630113538955], [34.730272518262154, 31.736321572082943], [34.73244458514955, 31.736903681659612], [34.73522966861435, 31.729910276438147], [34.73120317448695, 31.725919664361072], [34.71626366813382, 31.72629754959229], [34.71550252692015, 31.720295587571343]]]}, "properties": {"sid": "155", "name": "באר טוביה"}}, {"type": "Feature", "geometry": {"type": "Polygon", "coordinates": [[[34.85817882918968, 31.88852851258082], [34.86191621735958, 31.888387746197566], [34.860405724144925, 31.885353468687697], [34.86234991361766, 31.883453245271085], [34.870515991619754, 31.88288600508514], [34.870195993950006, 31.88031655926187], [34.855555809852774, 31.87913009807562], [34.84892205430941, 31.881017651843194], [34.85350273136601, 31.887903478362887], [34.85817882918968, 31.88852851258082]]]}, "properties": {"sid": "158", "name": "נען"}}, {"type": "Feature", "geometry": {"type": "Polygon", "coordinates": [[[34.87911998010304, 31.83180955446744], [34.88402706339832, 31.835942746860326], [34.88748902160114, 31.834350802947256], [34.884845155979235, 31.82589894827788], [34.87785630222663, 31.82951072633898], [34.87911998010304, 31.83180955446744]]]}, "properties": {"sid": "160", "name": "חולדה"}}, {"type": "Feature", "geometry": {"type": "Polygon", "coordinates": [[[34.69776970021155, 31.777381926834494], [34.68611967917991, 31.781584415588384], [34.69575804180022, 31.787486853235748], [34.697254924675065, 31.784675461003758], [34.703103677292916, 31.78398537972157], [34.70543862489268, 31.7868563079723], [34.70196297091445, 31.789647651617884], [34.69749605449937, 31.790360264514675], [34.69749056413826, 31.793016464338393], [34.70095867999913, 31.793322562086644], [34.69818977533794, 31.794510734682717], [34.698159745176156, 31.795964347576614], [34.70040350781568, 31.79514072866175], [34.702844767871795, 31.798378889674098], [34.70556524134287, 31.79747408086422], [34.70920132538089, 31.799075141204867], [34.71365083631707, 31.7961843226484], [34.71562915775945, 31.79934978696315], [34.718907058913715, 31.796370050637393], [34.721056440402435, 31.79708860625425], [34.71975255743462, 31.795889434050196], [34.72282393737487, 31.79284227555064], [34.72151866045789, 31.78919311087344], [34.726006181240336, 31.78840171017083], [34.72476992639105, 31.78729426072158], [34.72062114694842, 31.788133035910903], [34.719275309707825, 31.78586967434603], [34.71694762773086, 31.78675793293229], [34.7089297175325, 31.775148986636452], [34.70525911841361, 31.77464638702122], [34.70360246018544, 31.77126136761808], [34.69838737347857, 31.774429551482683], [34.699317466727734, 31.775412558143103], [34.69776970021155, 31.777381926834494]]]}, "properties": {"sid": "166", "name": "גן יבנה"}}, {"type": "Feature", "geometry": {"type": "Polygon", "coordinates": [[[34.929474439693706, 32.32108161902153], [34.93422615791093, 32.32051221057009], [34.9343845644961, 32.32298960268804], [34.93884650136499, 32.32496744569113], [34.939265706846925, 32.31990810807281], [34.947192672204096, 32.31877887794292], [34.94622023167841, 32.31436480748994], [34.94224442244217, 32.31417220508325], [34.94218671834244, 32.309510042254715], [34.93085446016528, 32.307132021625534], [34.93038180887345, 32.30929663852908], [34.91990146677932, 32.31074682500599], [34.92189808313009, 32.31791579317934], [34.91243105664802, 32.31819112961699], [34.91353884604098, 32.315519507319436], [34.90801465155499, 32.31502731645753], [34.90884687158592, 32.317505427133824], [34.91122442906419, 32.317799508140865], [34.90932152207063, 32.32278568141413], [34.92235663395155, 32.32149599784208], [34.92264170465103, 32.32523158826723], [34.929217006959334, 32.3242382771748], [34.929474439693706, 32.32108161902153]]]}, "properties": {"sid": "168", "name": "כפר יונה"}}, {"type": "Feature", "geometry": {"type": "Polygon", "coordinates": [[[34.96507794119407, 32.26932014221086], [34.96616601744779, 32.27130407902007], [34.96209511569708, 32.27290690922655], [34.96110850994984, 32.27539289976255], [34.95881347875911, 32.27523967686966], [34.95937432476535, 32.277961683684794], [34.967637897371105, 32.28112929917785], [34.97122395482171, 32.272241406415844], [34.96874833256953, 32.27076346506192], [34.96906413670058, 32.268924305612245], [34.96353099845686, 32.26939188832506], [34.96507794119407, 32.26932014221086]]]}, "properties": {"sid": "170", "name": "כפר יעבץ"}}, {"type": "Feature", "geometry": {"type": "Polygon", "coordinates": [[[34.91427908431234, 32.309991082422584], [34.91457103392611, 32.30823107230617], [34.916669369895544, 32.30812820425325], [34.91553457476084, 32.30463136854286], [34.91766965612976, 32.30199735409468], [34.904258712169906, 32.303903650633], [34.90065411339668, 32.30275313804691], [34.90137512686067, 32.30686764342704], [34.908986786311175, 32.308846290424015], [34.91029379082585, 32.310668953609365], [34.91427908431234, 32.309991082422584]]]}, "properties": {"sid": "171", "name": "פרדסייה"}}, {"type": "Feature", "geometry": {"type": "Polygon", "coordinates": [[[35.58159995997022, 32.68358522457851], [35.58326942454437, 32.68349411695999], [35.58284483122401, 32.68075907716974], [35.580977206432976, 32.68051423044744], [35.579594363888816, 32.676214162553606], [35.57568168616092, 32.67519078352791], [35.575577016765976, 32.67762338221337], [35.57438380077184, 32.677620436933694], [35.57531023917625, 32.68368892000768], [35.578142476793914, 32.683942503643664], [35.57805342052899, 32.68542625911459], [35.58159995997022, 32.68358522457851]]]}, "properties": {"sid": "176", "name": "אפיקים"}}, {"type": "Feature", "geometry": {"type": "Polygon", "coordinates": [[[34.882978188592574, 32.28913296771236], [34.89087113349609, 32.287946968777646], [34.89180834757724, 32.28985325452413], [34.89745679689372, 32.28906544301583], [34.89404107103866, 32.27008626746732], [34.895271057613286, 32.269561043607325], [34.89150424542464, 32.25762621357893], [34.879185542478865, 32.25575562642109], [34.879086038789694, 32.26212616838802], [34.87398185198094, 32.26216580960448], [34.873815075405446, 32.265246124309215], [34.87617994614766, 32.26538451288502], [34.876513409366396, 32.267857912912405], [34.874222196697076, 32.272076143399374], [34.876983109083255, 32.27629341880629], [34.876099955048915, 32.277168650712724], [34.879355409124855, 32.27834358888555], [34.87783387853074, 32.281583895680285], [34.88251529584426, 32.28665363395811], [34.882978188592574, 32.28913296771236]]]}, "properties": {"sid": "182", "name": "אבן יהודה"}}, {"type": "Feature", "geometry": {"type": "MultiPolygon", "coordinates": [[[[34.90519047815809, 32.28793041495675], [34.91094209230374, 32.28699077270602], [34.91496356012027, 32.28881880304539], [34.91808495855406, 32.28510180430487], [34.92001680483173, 32.28679501547765], [34.92344294573542, 32.28342570543202], [34.919521239713504, 32.28224702607946], [34.91910981876316, 32.27818750165193], [34.91639859212137, 32.2775928968947], [34.917301980002435, 32.276197756121576], [34.91933003395394, 32.277815828937435], [34.923858598895265, 32.27726771463335], [34.922052479638296, 32.27106081780255], [34.91759433521048, 32.26549106456105], [34.91015809122297, 32.2663992746069], [34.91124726824688, 32.27135887561167], [34.906352266444, 32.27195368361566], [34.906528843831154, 32.2803116904322], [34.90418217986377, 32.28086908034385], [34.90386962318462, 32.2829046040643], [34.90100826102247, 32.28166999227636], [34.90072986149397, 32.27998032263383], [34.896325026179056, 32.28069351019741], [34.89888424761, 32.29393027975868], [34.90234120828018, 32.29369731038264], [34.90206501568798, 32.29132399860373], [34.90414865853381, 32.291168113717504], [34.90519047815809, 32.28793041495675]]], [[[34.93900288627424, 32.296364087132986], [34.93900565798481, 32.29160569324819], [34.94435624014841, 32.29005266659732], [34.95246146012835, 32.29112868024447], [34.953343629405026, 32.28947011005761], [34.94454054720853, 32.28232996605516], [34.935957145106215, 32.287804415441485], [34.93309791163938, 32.29955373331819], [34.93900288627424, 32.296364087132986]]]]}, "properties": {"sid": "195", "name": "קדימה-צורן"}}, {"type": "Feature", "geometry": {"type": "Polygon", "coordinates": [[[34.935432495013686, 32.39455270754149], [34.92757810404629, 32.397544338300634], [34.929203133118165, 32.40215734958207], [34.93572368649899, 32.404025503174466], [34.9367338113164, 32.40116927164462], [34.93922332000028, 32.400994278862925], [34.93686099523882, 32.39921246108628], [34.938293001021236, 32.39655002536341], [34.936079137242416, 32.396738680645626], [34.935432495013686, 32.39455270754149]]]}, "properties": {"sid": "2018", "name": "גבעת חיים (איחוד)"}}, {"type": "Feature", "geometry": {"type": "Polygon", "coordinates": [[[35.542805523556126, 32.988198477178], [35.54519156074201, 32.99240530606005], [35.55014364251514, 32.99044500343422], [35.55079587403043, 32.98661115847824], [35.55296214029062, 32.9879154839125], [35.551835461537394, 32.98909962394856], [35.55281288070995, 32.99112514361053], [35.55661851123534, 32.99045239046552], [35.55496076752547, 32.983526746462246], [35.55758606754301, 32.98262028829572], [35.55632968047041, 32.979460993330235], [35.5512828182475, 32.981357033999984], [35.546852703889215, 32.97435285310172], [35.54176280101251, 32.97540315872885], [35.53917013199606, 32.97426032815167], [35.5367407447896, 32.97616423878861], [35.53224521104772, 32.97507560045864], [35.531398400415924, 32.98256404379566], [35.53909555571539, 32.982309171431154], [35.54033215140771, 32.985548903559106], [35.53902165122827, 32.99053491585374], [35.543208229176514, 32.99409080464699], [35.542805523556126, 32.988198477178]]]}, "properties": {"sid": "2034", "name": "חצור הגלילית"}}, {"type": "Feature", "geometry": {"type": "Polygon", "coordinates": [[[35.01373536209735, 32.3509822514298], [35.01429489599269, 32.352635128008785], [35.01779236662446, 32.352242184529246], [35.01799008077768, 32.35520099722828], [35.01926872427225, 32.355351998795754], [35.025011151843216, 32.35312761744564], [35.02352590439705, 32.34944996314533], [35.02556763074159, 32.34921301606789], [35.02213218365341, 32.34777981148915], [35.01955525726936, 32.34922064591615], [35.01796518484548, 32.34640753328108], [35.01516053213288, 32.34637240216466], [35.01591968314693, 32.35054540844391], [35.01373536209735, 32.3509822514298]]]}, "properties": {"sid": "2043", "name": "בחן"}}, {"type": "Feature", "geometry": {"type": "Polygon", "coordinates": [[[35.00022383975846, 32.418204471759], [34.99869170525807, 32.421320933814116], [35.00002321180182, 32.422049676951076], [34.99778197805591, 32.42451590668378], [34.999233773419974, 32.42483001019684], [34.99894060522479, 32.42808417824227], [35.00984961007151, 32.43086911152034], [35.01440987611494, 32.429516125568796], [35.00942861943531, 32.41864320332121], [35.00435320463674, 32.4168726171776], [35.00022383975846, 32.418204471759]]]}, "properties": {"sid": "2055", "name": "מאור"}}, {"type": "Feature", "geometry": {"type": "Polygon", "coordinates": [[[34.89174550205331, 32.16803551842446], [34.88972625246464, 32.167043363860216], [34.88949357626757, 32.16265037171735], [34.87466151012063, 32.162198158418335], [34.87497915066734, 32.15842422000179], [34.87236139865968, 32.157420549618735], [34.87229395580147, 32.16461670789482], [34.87407096939978, 32.16281670942368], [34.88922014549337, 32.17319191717331], [34.89120800604468, 32.172426645373434], [34.89174550205331, 32.16803551842446]]]}, "properties": {"sid": "206", "name": "רמות השבים"}}, {"type": "Feature", "geometry": {"type": "Polygon", "coordinates": [[[35.155683671264455, 31.796783163212467], [35.16057870004704, 31.79484440924216], [35.16371651560479, 31.791565406418442], [35.154178101838, 31.792371944509682], [35.15178748800224, 31.7963520363175], [35.155683671264455, 31.796783163212467]]]}, "properties": {"sid": "208", "name": "מוצא עילית"}}, {"type": "Feature", "geometry": {"type": "Polygon", "coordinates": [[[34.990647282146426, 29.70465414637181], [34.990089313071394, 29.708742435614965], [34.98667602527837, 29.709209471539907], [34.98557988660252, 29.70781850182243], [34.981488551355596, 29.71013411399821], [34.98146899379907, 29.71251540096506], [34.988916258078916, 29.71361830074403], [34.99197262743485, 29.712451879150933], [34.990647282146426, 29.70465414637181]]]}, "properties": {"sid": "21", "name": "באר אורה"}}, {"type": "Feature", "geometry": {"type": "Polygon", "coordinates": [[[34.956121902304005, 32.77414629991188], [34.95704924452707, 32.78448512828612], [34.963009469911185, 32.7850672630438], [34.96388592039898, 32.77367702467501], [34.978196071291734, 32.771186492562606], [34.97657299644669, 32.76774287333501], [34.979187486613284, 32.76330519657762], [34.978375015694496, 32.76214336062765], [34.982003802633415, 32.76208725911977], [34.982263722892526, 32.76068575834114], [34.980971571580824, 32.75839822659691], [34.977251647345724, 32.758339386653404], [34.9776028326047, 32.75458715607243], [34.97543310845123, 32.74960683918431], [34.97348991452799, 32.751023988166594], [34.96974761875765, 32.75069467441972], [34.96838056201335, 32.75754839604167], [34.96144170876789, 32.75626674341555], [34.961110387734266, 32.75893719929235], [34.96639708026112, 32.761061729815026], [34.96569120778304, 32.76950433405784], [34.96063795138042, 32.7741914431806], [34.956121902304005, 32.77414629991188]]]}, "properties": {"sid": "2100", "name": "טירת כרמל"}}, {"type": "Feature", "geometry": {"type": "Polygon", "coordinates": [[[34.987840085251776, 32.486183938338115], [34.98767888896958, 32.48466675956337], [34.97942019698456, 32.48501763365692], [34.980369101353006, 32.488886427166904], [34.9837152601512, 32.48941746604328], [34.984995186079004, 32.49172485931484], [34.9884435780088, 32.49059993154168], [34.987840085251776, 32.486183938338115]]]}, "properties": {"sid": "213", "name": "משמרות"}}, {"type": "Feature", "geometry": {"type": "Polygon", "coordinates": [[[35.028787902439774, 31.081659069710327], [35.02704197930393, 31.08311500375447], [35.027133534784866, 31.08607423913486], [35.03406553159908, 31.08781996262121], [35.042286317159835, 31.08659848093521], [35.040470053550166, 31.08315233011598], [35.044939938627294, 31.081752604599046], [35.045053899817674, 31.076506654058903], [35.04724139637341, 31.076287154728448], [35.04713985841778, 31.074721559152692], [35.04501580903241, 31.074674298879813], [35.04342800649738, 31.05971524216477], [35.041356124085894, 31.054274958022972], [35.03553607423049, 31.053346546505963], [35.02470426449025, 31.058804786511757], [35.01938172498666, 31.057170936889293], [35.017317682864814, 31.058573106763504], [35.016462709086795, 31.056427517715804], [35.01337320510936, 31.05501827737163], [35.00374909764281, 31.05714891608966], [35.000652608631015, 31.059288741382375], [35.006570922010496, 31.071424152602617], [35.01731399744307, 31.068052131101012], [35.020347189471295, 31.068429308565783], [35.0201203417804, 31.07402514214664], [35.02784872423928, 31.07825639931343], [35.028787902439774, 31.081659069710327]]]}, "properties": {"sid": "2200", "name": "דימונה"}}, {"type": "Feature", "geometry": {"type": "Polygon", "coordinates": [[[34.872981462324674, 32.07055092238721], [34.874831562027, 32.07053146375608], [34.87547792366729, 32.066253987731386], [34.87912386697292, 32.066738653066466], [34.88189467280097, 32.063280964844694], [34.88379022873613, 32.063905753547715], [34.88441556422697, 32.06047375176229], [34.88298692820422, 32.057395490209785], [34.86676469093777, 32.05526932831691], [34.86760797892515, 32.07087162782341], [34.872981462324674, 32.07055092238721]]]}, "properties": {"sid": "229", "name": "גני תקווה"}}, {"type": "Feature", "geometry": {"type": "Polygon", "coordinates": [[[35.110376108070966, 32.69417763209208], [35.1117645183179, 32.68942267271825], [35.10838188211824, 32.68889601533891], [35.106752473348024, 32.69407852950059], [35.102862418965515, 32.69831382372405], [35.105496493668284, 32.70043815279854], [35.102362847367544, 32.71103873514954], [35.10223939653099, 32.71609485229567], [35.10654282698994, 32.71093048465417], [35.11414413524369, 32.7111561830115], [35.11397116144002, 32.7131728317608], [35.11741770166566, 32.713987177766114], [35.11436566524333, 32.716883204296494], [35.11597659384478, 32.71990243794721], [35.11649615017723, 32.71732882106829], [35.120233009545814, 32.713787372689126], [35.12180051797958, 32.715029876927304], [35.12081678376762, 32.71865881585171], [35.127883500822975, 32.719278683464495], [35.12216962133101, 32.72114593323829], [35.121268755149, 32.723166816895116], [35.125519821682474, 32.72270867076861], [35.124350854108684, 32.724879173734905], [35.13002135570105, 32.72456591108795], [35.13079179860267, 32.72625990287224], [35.13265662110621, 32.72428380275534], [35.133857404895366, 32.72671629981744], [35.14190323364738, 32.7283199475076], [35.14044174718896, 32.73225990437112], [35.14511522528744, 32.73434898721604], [35.142802308379885, 32.7351857820982], [35.1443443633018, 32.7370189718481], [35.14846376099382, 32.73742270719225], [35.14713226883919, 32.732568767534644], [35.15042338822883, 32.73074359703941], [35.14989244647927, 32.72947236126049], [35.14563563147925, 32.72829446162018], [35.14413048473415, 32.724193973972774], [35.131753845663525, 32.71826763684203], [35.13028738595415, 32.71480039332357], [35.13369445403589, 32.707904950353225], [35.13255888998083, 32.70415341225021], [35.13486353492425, 32.703204351399734], [35.133559040417424, 32.70170140259768], [35.12879923729503, 32.7056300262048], [35.126736632289806, 32.704235737988995], [35.123643673117044, 32.70493382773401], [35.12389042910007, 32.70259750057426], [35.12191063456817, 32.70186563678976], [35.1194782760017, 32.705353070088165], [35.11451065394357, 32.70464613730945], [35.11498321710184, 32.707376243418935], [35.11102387804959, 32.7078300566119], [35.108472148870646, 32.71042883562234], [35.10583884308818, 32.70981786590187], [35.106461911388124, 32.706889812714735], [35.10400834410984, 32.706656073519014], [35.10731117806847, 32.70127489911738], [35.110363159632186, 32.70221609269856], [35.11277455410243, 32.700350106472285], [35.10959503608211, 32.69689576642651], [35.110376108070966, 32.69417763209208]]]}, "properties": {"sid": "2300", "name": "קרית טבעון"}}, {"type": "Feature", "geometry": {"type": "Polygon", "coordinates": [[[34.837491969678695, 32.2263911167567], [34.83679897639172, 32.222191660516785], [34.83007272647518, 32.22205846012986], [34.827888226460516, 32.21451842448573], [34.82573533761581, 32.212572633320406], [34.8182473106649, 32.21279843689837], [34.820499369550305, 32.219760602369945], [34.82294846090281, 32.221356424159694], [34.82655574685026, 32.22108348531464], [34.82638991636162, 32.22329673125921], [34.829466977319214, 32.22280924565024], [34.82974505578977, 32.22385010839582], [34.826538974494156, 32.2245213048144], [34.82823375678248, 32.22478202457086], [34.82924956171797, 32.22751800954853], [34.837491969678695, 32.2263911167567]]]}, "properties": {"sid": "232", "name": "שפיים"}}, {"type": "Feature", "geometry": {"type": "Polygon", "coordinates": [[[35.104898530842604, 32.72156887810132], [35.110750266511616, 32.72371903570496], [35.112262788596865, 32.726100880251465], [35.11648191570788, 32.723564677867614], [35.11762220210301, 32.725124911685384], [35.11988887047505, 32.72489530757241], [35.118068053597824, 32.72325403314716], [35.119545254809736, 32.72113516205815], [35.11783915904999, 32.71966417156432], [35.11397404736442, 32.72181374281001], [35.10612801019954, 32.72007135670782], [35.104898530842604, 32.72156887810132]]]}, "properties": {"sid": "237", "name": "שער העמקים"}}, {"type": "Feature", "geometry": {"type": "Polygon", "coordinates": [[[35.08475067730194, 32.63598266167054], [35.075311441669726, 32.63347687435834], [35.07523642921791, 32.638587179254955], [35.08367288749383, 32.64149110273223], [35.08400658093899, 32.64352300128553], [35.08823757100714, 32.64575810075581], [35.08951849518246, 32.649156985006925], [35.09759995597324, 32.6525662348439], [35.09398347535716, 32.656224430513134], [35.09844679898066, 32.660024880943524], [35.10384591485712, 32.66086831821838], [35.101973199903284, 32.66864731092471], [35.10337866399419, 32.668904407312596], [35.10347164220258, 32.67229651966869], [35.10737024464112, 32.67214312680392], [35.10810477221753, 32.66692951858249], [35.10625642169657, 32.66438802818499], [35.110453840072694, 32.66206077338603], [35.11389142125216, 32.65676801583129], [35.11316034707244, 32.65545087955451], [35.11094252267935, 32.65455754519462], [35.1095975865594, 32.657108740176284], [35.10812037635435, 32.65664829718122], [35.10638565337524, 32.651588636706265], [35.09498552516192, 32.64693951494672], [35.101089538651365, 32.64873352842966], [35.10219085652284, 32.647410313635135], [35.098198299212186, 32.64287468361982], [35.09219623556788, 32.64185779769923], [35.094708470119826, 32.634443513357496], [35.0894364671193, 32.63595171779758], [35.08763141445826, 32.635667482568294], [35.08796023717525, 32.6342549444102], [35.08475067730194, 32.63598266167054]]]}, "properties": {"sid": "240", "name": "יקנעם עילית"}}, {"type": "Feature", "geometry": {"type": "Polygon", "coordinates": [[[34.843687665453444, 32.036309654566935], [34.86873043356269, 32.0332273667496], [34.86739116497034, 32.027939099509865], [34.87362107275436, 32.028044576496086], [34.87441463093052, 32.023160090465865], [34.86841252771603, 32.020102076249884], [34.859546583807855, 32.01949549971761], [34.85161471174962, 32.021544947641246], [34.85163252192342, 32.023557046720384], [34.84928162574647, 32.023652721995575], [34.850153629986096, 32.026180810695905], [34.848098646735195, 32.02856909708623], [34.843278467627215, 32.02225242001322], [34.844147125489485, 32.02579698814054], [34.839719727083775, 32.02654562068392], [34.8421483822421, 32.03267327105465], [34.8393136867773, 32.03385100521979], [34.84037268525128, 32.03669133223923], [34.843687665453444, 32.036309654566935]]]}, "properties": {"sid": "2400", "name": "אור יהודה"}}, {"type": "Feature", "geometry": {"type": "Polygon", "coordinates": [[[35.11548204496046, 32.66294355150376], [35.11737758830509, 32.66004908799505], [35.11610566454482, 32.65949756885777], [35.11760981753912, 32.655238855388916], [35.11925325753185, 32.65567420819821], [35.12070496925895, 32.65321008917431], [35.118434970697365, 32.65256875744228], [35.12037771136232, 32.648802831985165], [35.115308127767946, 32.64595128052724], [35.10999119913458, 32.65156387207509], [35.11160210974964, 32.65272432576705], [35.11095929593483, 32.65462040870494], [35.11391838652435, 32.656813012510554], [35.108949366919774, 32.663959734154446], [35.11124897655907, 32.66413838178096], [35.108661519113866, 32.66821587915956], [35.11092998523071, 32.6697859326747], [35.114331057532354, 32.66527485145326], [35.11271403062807, 32.6642788082205], [35.114156886730996, 32.66237029125597], [35.11548204496046, 32.66294355150376]]]}, "properties": {"sid": "241", "name": "יקנעם (מושבה)"}}, {"type": "Feature", "geometry": {"type": "Polygon", "coordinates": [[[35.43366121359418, 32.547980957055586], [35.433487748760626, 32.55087792337753], [35.43718526818566, 32.55547410204821], [35.4415672292443, 32.555824004873955], [35.441724634884054, 32.557656200873], [35.44667554933716, 32.555460150865315], [35.445937927193654, 32.55142475524832], [35.443691991792036, 32.550766787857015], [35.4434171571761, 32.54703454380922], [35.43646163229852, 32.542630834445504], [35.43282262546387, 32.54419639674637], [35.43366121359418, 32.547980957055586]]]}, "properties": {"sid": "242", "name": "בית השיטה"}}, {"type": "Feature", "geometry": {"type": "Polygon", "coordinates": [[[34.58895669239746, 31.430209252155294], [34.59129611502374, 31.433749135714095], [34.59895285299183, 31.429460683463844], [34.60491960115871, 31.418195780910594], [34.59726431739438, 31.414247193253402], [34.59027218201567, 31.415039183011913], [34.586687678593535, 31.41343046944064], [34.58810789965992, 31.41206256733369], [34.582170596196136, 31.409236553923904], [34.57551012449272, 31.40814467533653], [34.56228645535566, 31.41738881744004], [34.564811849687146, 31.420743528790865], [34.57507457742986, 31.426534836313692], [34.576154015695295, 31.428900676525075], [34.57865187908101, 31.426984974876746], [34.58634854604861, 31.432810527683785], [34.58895669239746, 31.430209252155294]]]}, "properties": {"sid": "246", "name": "נתיבות"}}, {"type": "Feature", "geometry": {"type": "Polygon", "coordinates": [[[34.82923568697743, 32.207626765862585], [34.82712249330848, 32.2004401071253], [34.83065945137264, 32.198521542035564], [34.827743212579264, 32.19258116019245], [34.82091878367498, 32.19444672103941], [34.81808807490478, 32.193372698491316], [34.81997554413613, 32.1975006658231], [34.81978287967621, 32.20738395700408], [34.82268625546635, 32.206374664059524], [34.828030511798715, 32.20949859948081], [34.82979765174031, 32.20891437739664], [34.82923568697743, 32.207626765862585]]]}, "properties": {"sid": "247", "name": "רשפון"}}, {"type": "Feature", "geometry": {"type": "Polygon", "coordinates": [[[35.03124134201437, 32.78441817915569], [35.036553643635784, 32.78360851771896], [35.05732861872082, 32.76830041703067], [35.06255915847845, 32.76116749368492], [35.06035685278658, 32.756666424615844], [35.05894747304751, 32.7557875648443], [35.05319034965498, 32.76009938777656], [35.053694384588255, 32.76115714518613], [35.052207070499946, 32.75913104815942], [35.04394551507352, 32.75845632459976], [35.04305417361127, 32.76242074841883], [35.04114901651394, 32.76270561587154], [35.04032887168012, 32.764830965676595], [35.03202425761344, 32.767980824055826], [35.02739905602169, 32.767744485819435], [35.02651054292727, 32.769869646766836], [35.029752389361306, 32.77376154475951], [35.03021552042998, 32.77739676185115], [35.02623224142485, 32.779813001868604], [35.03124134201437, 32.78441817915569]]]}, "properties": {"sid": "2500", "name": "נשר"}}, {"type": "Feature", "geometry": {"type": "Polygon", "coordinates": [[[35.610289945724446, 33.05403177194876], [35.612385269864376, 33.05442092118864], [35.613862941421644, 33.05145431136742], [35.60806451396621, 33.0483954886609], [35.606003749873196, 33.05190005944024], [35.610289945724446, 33.05403177194876]]]}, "properties": {"sid": "253", "name": "חולתה"}}, {"type": "Feature", "geometry": {"type": "Polygon", "coordinates": [[[34.842553171591646, 31.93202177808263], [34.839884421728755, 31.932134838152308], [34.83947879511038, 31.930789163688985], [34.8334337996302, 31.93209165630492], [34.82957400383725, 31.927816305378258], [34.8207418294719, 31.931213819062577], [34.822877705841506, 31.93713500487661], [34.82257464420451, 31.943192285095904], [34.82918115838379, 31.94454742042717], [34.83132365196502, 31.943235445359562], [34.83380838165152, 31.946280618156038], [34.841453744994396, 31.948474552958317], [34.85113854680657, 31.948359897491343], [34.853859596743064, 31.947898697267135], [34.85549094804884, 31.944059456378852], [34.86072496728349, 31.94533723292699], [34.86409210906362, 31.941623072446873], [34.85494431133094, 31.940150588179165], [34.854504139954145, 31.936212446147522], [34.842553171591646, 31.93202177808263]]]}, "properties": {"sid": "2530", "name": "באר יעקב"}}, {"type": "Feature", "geometry": {"type": "Polygon", "coordinates": [[[35.116061318075424, 32.79325191204617], [35.11913305504652, 32.79212829908181], [35.114958264512325, 32.78686266867726], [35.11247032064881, 32.79035407428114], [35.11403874818973, 32.79399103605749], [35.116061318075424, 32.79325191204617]]]}, "properties": {"sid": "254", "name": "כפר המכבי"}}, {"type": "Feature", "geometry": {"type": "Polygon", "coordinates": [[[34.767981629448684, 31.814379140085293], [34.77119003639115, 31.819533380461166], [34.773468718806384, 31.8190178324071], [34.774116122760915, 31.82123825853887], [34.77169754990206, 31.821990847199913], [34.77424844810747, 31.825122872022973], [34.788720710792234, 31.819485759560223], [34.789229007612676, 31.81285550597687], [34.78746140002363, 31.811113717024455], [34.79158599399847, 31.808320227596482], [34.78786212983346, 31.7973041593595], [34.7750393263039, 31.80123166331066], [34.773708686706584, 31.80503963117411], [34.76572280406418, 31.807239469126273], [34.76677046928177, 31.812492722161437], [34.769163358402295, 31.813477309830034], [34.767981629448684, 31.814379140085293]]]}, "properties": {"sid": "2550", "name": "גדרה"}}, {"type": "Feature", "geometry": {"type": "Polygon", "coordinates": [[[35.452089609248105, 32.50711883446667], [35.462375347044656, 32.50665882314621], [35.463509313004465, 32.50071978399092], [35.458324948937275, 32.49976385411861], [35.453655280366945, 32.50191213663584], [35.452089609248105, 32.50711883446667]]]}, "properties": {"sid": "256", "name": "ניר דוד (תל עמל)"}}, {"type": "Feature", "geometry": {"type": "Polygon", "coordinates": [[[35.193620344203566, 31.250894442024958], [35.1945711695239, 31.254571869696065], [35.20004059709595, 31.259066725349157], [35.202180881042864, 31.26356133998388], [35.20146729507968, 31.266421495255827], [35.20717557629189, 31.27050744446302], [35.20833430058758, 31.27448792297929], [35.21336008270168, 31.274797413869578], [35.21597625549987, 31.272345637141484], [35.226679661836954, 31.272139931612628], [35.22758695727231, 31.276587339034506], [35.23255214126834, 31.275688510716236], [35.232551007223265, 31.271872708858496], [35.22953363786712, 31.27111791326115], [35.231672133062546, 31.263558460354716], [35.239996038486424, 31.262943530019925], [35.24070843734455, 31.260083157112035], [35.24118274248963, 31.25660995738366], [35.23737712095743, 31.254976600589714], [35.22810284886742, 31.256408735874516], [35.2269128110774, 31.25232299531001], [35.22429653036062, 31.250280435293917], [35.22905230272164, 31.249462425450645], [35.22691116082149, 31.245376850361424], [35.22263067476587, 31.243743149127056], [35.21216865006318, 31.248851663473545], [35.204321394316935, 31.242314344031797], [35.204796927036625, 31.23720688279144], [35.20218152405812, 31.23577677188058], [35.19777719236362, 31.237254286955817], [35.197363895427486, 31.23029505417344], [35.18133487930129, 31.227500219359683], [35.1810389241071, 31.229467941392443], [35.19513350031082, 31.231813945257443], [35.19420890191935, 31.234249091722234], [35.19599880460123, 31.24578714536051], [35.19232545985216, 31.244841725865], [35.186779973916714, 31.247920867853793], [35.189579531969855, 31.252316439252297], [35.193620344203566, 31.250894442024958]]]}, "properties": {"sid": "2560", "name": "ערד"}}, {"type": "Feature", "geometry": {"type": "Polygon", "coordinates": [[[35.481741644761144, 32.52835544684643], [35.48549214954312, 32.52900334722676], [35.48636218246878, 32.526646701684], [35.484564674220394, 32.520290787190106], [35.47738600056351, 32.52435452404211], [35.4791520325403, 32.530453334953506], [35.48089244463068, 32.530589424862114], [35.481741644761144, 32.52835544684643]]]}, "properties": {"sid": "259", "name": "שדה נחום"}}, {"type": "Feature", "geometry": {"type": "Polygon", "coordinates": [[[35.537871630571374, 32.97507208051218], [35.540850075470644, 32.97303277694118], [35.54888974656461, 32.971743157221], [35.552431228218666, 32.97613743899166], [35.55413212229968, 32.97552649175424], [35.551745215469396, 32.96942786700254], [35.553740159081144, 32.96886983497495], [35.568407360611275, 32.97553804534459], [35.569850771595895, 32.974218991713144], [35.57378219299386, 32.97446532411544], [35.57398979789093, 32.97128125552558], [35.57043760441195, 32.968585460350766], [35.56099867454924, 32.96948827716233], [35.55499190295399, 32.966799031749986], [35.55013367532888, 32.967966758259365], [35.543781337438816, 32.961218498335086], [35.540245374024835, 32.96246179397667], [35.53873319008471, 32.964995398219116], [35.53529287676491, 32.96366893507337], [35.53653628212379, 32.96792403776419], [35.531992818114134, 32.97084516437286], [35.535264843098105, 32.97609084061986], [35.537871630571374, 32.97507208051218]]]}, "properties": {"sid": "26", "name": "ראש פינה"}}, {"type": "Feature", "geometry": {"type": "MultiPolygon", "coordinates": [[[[34.94484672319777, 29.570133163514754], [34.94625956172945, 29.571811537672374], [34.950850668223836, 29.568595649269866], [34.95404367247755, 29.571567308784324], [34.96040656750915, 29.571958596611978], [34.96322757529242, 29.57573195226786], [34.967556676899164, 29.57578560222379], [34.97109714141999, 29.581507547735214], [34.974224350373504, 29.581575131786963], [34.977854364887094, 29.579282676254536], [34.97594813939514, 29.542003130739943], [34.95599813580537, 29.548876260630948], [34.94426040389459, 29.536538242945596], [34.94003294006819, 29.528843299978348], [34.927087691144095, 29.517054884075662], [34.9269218516622, 29.51297909450966], [34.92015763416754, 29.506413124466178], [34.91904781500472, 29.502593235189693], [34.90597801087654, 29.495032703096797], [34.90544032690963, 29.49740454178624], [34.91315779339749, 29.50005266120138], [34.9164395985087, 29.507333713679998], [34.921182090581055, 29.51307592541366], [34.92068811816216, 29.518069920090795], [34.929678627166936, 29.523757780397318], [34.92830917372942, 29.52554514789034], [34.933952664184176, 29.532956255826605], [34.92218593992925, 29.543792349037744], [34.92803927279425, 29.549533283734092], [34.93128319936022, 29.560881433831184], [34.93901462512491, 29.56686653446303], [34.94663139002665, 29.56665193014254], [34.94484672319777, 29.570133163514754]]], [[[34.96738151864224, 29.59382481086635], [34.969405111956405, 29.601106304912093], [34.97547353027926, 29.600345745559764], [34.9743282580427, 29.59465639507664], [34.96821400577181, 29.591560980754707], [34.96738151864224, 29.59382481086635]]], [[[34.99673243865118, 29.62297880272962], [34.99562011847377, 29.61996015633622], [34.99017295991422, 29.620326921450328], [34.99119325606398, 29.625820450853155], [34.99461279594385, 29.626163287705594], [34.99559989451956, 29.62900851333228], [34.99803462100101, 29.628334789818723], [34.99673243865118, 29.62297880272962]]], [[[34.980620543703196, 29.76428835402436], [34.98412403169874, 29.761550962506988], [34.98744438535016, 29.761741396648176], [34.9878026860452, 29.75939939746428], [34.9843822189643, 29.75655801104341], [34.9819793509663, 29.756893045377808], [34.97797537856093, 29.762311164828418], [34.980620543703196, 29.76428835402436]]]]}, "properties": {"sid": "2600", "name": "אילת"}}, {"type": "Feature", "geometry": {"type": "MultiPolygon", "coordinates": [[[[34.97432686589218, 31.72466406779256], [34.97744966726839, 31.725434629404674], [34.97923833068444, 31.72249983400019], [34.97843302826169, 31.720609453663428], [34.97729017160418, 31.720700295082622], [34.97853414353597, 31.723128828832444], [34.97432686589218, 31.72466406779256]]], [[[35.007426188967486, 31.760747777587937], [35.01243018050849, 31.762589114296247], [35.020620868458366, 31.75925723313486], [35.016592163797384, 31.757285189859658], [35.01198122455395, 31.759329310199576], [35.01117627016879, 31.76169373038141], [35.00907337283792, 31.75983047629552], [35.0093269070112, 31.75769406662795], [34.99935202887309, 31.75661705113606], [34.9990657728672, 31.75256557024494], [35.002232461159224, 31.74810130593056], [34.99865456685484, 31.742494533895695], [34.99825607635688, 31.73891178864818], [35.00087062497943, 31.736685757042096], [34.99382073873613, 31.735208412838006], [34.993281613156, 31.73343618003571], [34.996467133251656, 31.732987464200164], [34.99671303667736, 31.72374158100922], [35.00163895627287, 31.71593931384831], [35.002914462932154, 31.716470040659885], [35.00614413344505, 31.713855117919422], [35.00560074687701, 31.70949478645531], [35.00747488815563, 31.706271625235388], [35.00384953302955, 31.70482474196831], [35.00080983080909, 31.70655887679078], [34.999367801183155, 31.70257941091114], [34.99231447773104, 31.699084100450932], [34.98483081429072, 31.700789463263163], [34.979669049287224, 31.700160073628524], [34.97983253884064, 31.701806803341356], [34.974497409727746, 31.70356304529838], [34.97532950115561, 31.7056882116417], [34.97917584758733, 31.707099720975407], [34.97705923289732, 31.709766060655227], [34.97745714692985, 31.714856410494974], [34.980482183905735, 31.71373011395366], [34.98055795628471, 31.716305446739], [34.98817292074375, 31.718056366508165], [34.98758355453748, 31.72483034884158], [34.99169034823103, 31.72596626183355], [34.98840511220624, 31.73445952578652], [34.97901129683396, 31.734443261547312], [34.973823018017924, 31.737092931393704], [34.973223484975904, 31.74517504149503], [34.97511901932734, 31.746832883231036], [34.981233753634854, 31.744881697932044], [34.97789366526047, 31.749105566268895], [34.98084032811869, 31.75472828148503], [34.99472026672697, 31.763068376504407], [34.99655942167999, 31.76084895131811], [35.007426188967486, 31.760747777587937]]], [[[34.956664250155086, 31.74135379244359], [34.95917854865115, 31.740845636816744], [34.95939536530392, 31.737593991369636], [34.96372567200223, 31.731631904388905], [34.96294548674484, 31.72565316016528], [34.96101912633168, 31.725685289344653], [34.95551766670701, 31.73158034985329], [34.95023497796194, 31.73378902904051], [34.94670356781546, 31.738685438282403], [34.94665484794291, 31.741154983815477], [34.956664250155086, 31.74135379244359]]]]}, "properties": {"sid": "2610", "name": "בית שמש"}}, {"type": "Feature", "geometry": {"type": "Polygon", "coordinates": [[[35.54102913228866, 32.86692215453388], [35.53951763093397, 32.86386962888031], [35.53547348941004, 32.86126319843788], [35.532283202907536, 32.85323315728442], [35.5264832133297, 32.84796326319412], [35.52531859667596, 32.84334579037596], [35.51597039851515, 32.844523390542065], [35.52052103281949, 32.85106283328321], [35.52479735051736, 32.85116240622011], [35.529371913982686, 32.85523620648581], [35.53324998939553, 32.863353763365524], [35.53680994042645, 32.864918624195184], [35.53732852279313, 32.867071607468745], [35.53330771328041, 32.87048615341331], [35.539438811651905, 32.871590143170636], [35.55619567069368, 32.886969379333436], [35.5589995266069, 32.88575501758004], [35.559521741335345, 32.87584347059976], [35.58781848233713, 32.88980635457966], [35.59040956045288, 32.89318272520268], [35.597738840874854, 32.892748550505246], [35.5969766780313, 32.890947536699514], [35.593325125654076, 32.89113565238847], [35.591723761342564, 32.887932385071565], [35.58474700527012, 32.88616164334519], [35.57651666980854, 32.880478652867566], [35.56810537995938, 32.87994625331697], [35.56378116257065, 32.87512668664732], [35.545412262466016, 32.87046772990186], [35.54102913228866, 32.86692215453388]]]}, "properties": {"sid": "262", "name": "גינוסר"}}, {"type": "Feature", "geometry": {"type": "Polygon", "coordinates": [[[34.84498237803439, 32.065829612946345], [34.86760766236375, 32.07086847300167], [34.86652398559352, 32.057338132349], [34.86845325891085, 32.047915863326466], [34.86729788099245, 32.046499219763234], [34.85661514827052, 32.04727170952185], [34.84498237803439, 32.065829612946345]]]}, "properties": {"sid": "2620", "name": "קריית אונו"}}, {"type": "Feature", "geometry": {"type": "Polygon", "coordinates": [[[34.77445530027194, 31.621901861481774], [34.77400631643843, 31.618547755374664], [34.78109598419235, 31.611952531284317], [34.798025647965346, 31.603192554492864], [34.800349379220506, 31.597917197021104], [34.80203026518467, 31.597703688074773], [34.79727490561248, 31.591061762190634], [34.785926133184546, 31.58743608690594], [34.787678738283205, 31.585844854356594], [34.78399874394694, 31.58334324889188], [34.78350842907082, 31.580437744406424], [34.78015452531116, 31.580196887976058], [34.77989422553816, 31.589627016173893], [34.776369923633126, 31.594878280808075], [34.77676525930934, 31.598377377414067], [34.77178981135074, 31.602103505172693], [34.75510590891059, 31.59843536480031], [34.74999462645093, 31.606654358911612], [34.74935929229753, 31.617059870216906], [34.75053207749346, 31.618975393799417], [34.75572652745734, 31.619661870598918], [34.75734239693412, 31.62230184845157], [34.76766601327597, 31.62075351806044], [34.770867258017574, 31.623640209628036], [34.77445530027194, 31.621901861481774]]]}, "properties": {"sid": "2630", "name": "קריית גת"}}, {"type": "Feature", "geometry": {"type": "Polygon", "coordinates": [[[34.952674150691564, 32.084405023473096], [34.93570379529399, 32.09690104035076], [34.93593419710555, 32.10015007866326], [34.93968244548853, 32.09987098755607], [34.93771476932119, 32.10321962038921], [34.94001007480517, 32.103171937435036], [34.94039388566932, 32.10498291662833], [34.9363493061756, 32.1053762881852], [34.93716592746563, 32.10958761187885], [34.95271320195275, 32.10342763807506], [34.95306247435377, 32.105562051247716], [34.955132586000104, 32.10620065083941], [34.96001489387231, 32.1049043797334], [34.961606357547396, 32.105896229427515], [34.96393000606497, 32.11050922991706], [34.96923934352094, 32.110281368690266], [34.973717757768384, 32.10584328993593], [34.97061624964027, 32.099351157829744], [34.97632387704533, 32.099592929769926], [34.97805282098096, 32.09658809696316], [34.98312402785166, 32.097676849507025], [34.982956431094465, 32.09129276824672], [34.97767139242086, 32.08854349038984], [34.97220640120452, 32.082308635435254], [34.959793638165934, 32.08145018038158], [34.952674150691564, 32.084405023473096]]]}, "properties": {"sid": "2640", "name": "ראש העין"}}, {"type": "Feature", "geometry": {"type": "Polygon", "coordinates": [[[34.8522966865429, 32.11898496968064], [34.85254586889681, 32.12096948655261], [34.851969845931706, 32.11947664882831], [34.84426526403075, 32.119701365125934], [34.841995153953235, 32.12335106759775], [34.83993631890604, 32.12395553971646], [34.83995544209006, 32.125770421967445], [34.836433762608124, 32.125887068533416], [34.83730281077612, 32.127705717145204], [34.83343696884111, 32.126707701699104], [34.833402759529804, 32.12853777889541], [34.82618388437879, 32.12786550778702], [34.82759552951012, 32.13038893350256], [34.81951978570959, 32.1307024092888], [34.823589221565385, 32.12330710513885], [34.810950172912214, 32.124460970397536], [34.808457715351324, 32.12815431876686], [34.80315668043653, 32.13064525017819], [34.79564256055579, 32.12872526415964], [34.804416716058654, 32.15002286676196], [34.80672806544794, 32.1535904035743], [34.80918454922761, 32.152834023371554], [34.813228935367135, 32.15864405927596], [34.81519739574327, 32.158291079869514], [34.810320788673494, 32.14475057417968], [34.82055746665384, 32.14100132035469], [34.82414561502816, 32.14859386651381], [34.82219343687768, 32.14907381940128], [34.82273940000334, 32.15116082840956], [34.82716141236932, 32.150354596987086], [34.829840299390355, 32.154632696242004], [34.83570433688567, 32.153833264593516], [34.850107721394295, 32.14900179899388], [34.84695305074274, 32.142570382816984], [34.846937821623214, 32.137728014736126], [34.85817975998799, 32.13512992010976], [34.863096084716574, 32.136005991982984], [34.86448912557273, 32.13048900376458], [34.862736307334785, 32.12961124476317], [34.86547754525259, 32.122480284637504], [34.86786379557776, 32.12207593055979], [34.86625548939935, 32.11849213310552], [34.86165250286075, 32.11629989442463], [34.862289906354135, 32.11391548950826], [34.86083762985277, 32.112589162160134], [34.85770364630628, 32.112008160548214], [34.85771552545117, 32.11479456331847], [34.851023467758864, 32.113636336347895], [34.8522966865429, 32.11898496968064]]]}, "properties": {"sid": "2650", "name": "רמת השרון"}}, {"type": "Feature", "geometry": {"type": "Polygon", "coordinates": [[[34.74088768851607, 31.885441794703127], [34.74408543939154, 31.879825949408087], [34.7534638214982, 31.87770968545368], [34.753935671494105, 31.871912112354153], [34.74849993612321, 31.863266400723887], [34.73925614295666, 31.85792727682241], [34.736949427773936, 31.85878372908587], [34.7380628019568, 31.861306945259344], [34.72681438037938, 31.86196161483673], [34.730149803071015, 31.870893379226118], [34.72743855754345, 31.870774693897033], [34.72125531108378, 31.87733733554967], [34.72507151224056, 31.883897507663903], [34.72339870308775, 31.888030267482918], [34.71771513614465, 31.893862658734747], [34.718452067608894, 31.897545557881244], [34.727270397810685, 31.902124683607326], [34.73321737258374, 31.899719578096096], [34.736029924041816, 31.902978038605625], [34.742151725222016, 31.902576208924927], [34.74042550982949, 31.894215739764604], [34.74088768851607, 31.885441794703127]]]}, "properties": {"sid": "2660", "name": "יבנה"}}, {"type": "Feature", "geometry": {"type": "Polygon", "coordinates": [[[34.837178199814105, 32.19113198905012], [34.83691595930412, 32.18946672700787], [34.834433141576255, 32.189708346063355], [34.83283232675052, 32.179476541509246], [34.828976826119685, 32.17989865360005], [34.828966572949014, 32.1785564658083], [34.819512369899996, 32.1772817676395], [34.81840082763614, 32.17972982207368], [34.81595217245484, 32.18006321334667], [34.81543295966338, 32.18602843896133], [34.81808807490478, 32.193372698491316], [34.82091878367498, 32.19444672103941], [34.837178199814105, 32.19113198905012]]]}, "properties": {"sid": "267", "name": "כפר שמריהו"}}, {"type": "Feature", "geometry": {"type": "Polygon", "coordinates": [[[35.44778074238741, 32.585347464314054], [35.44856980125536, 32.583646134061894], [35.44477652022027, 32.58055144189558], [35.44152256621351, 32.58370711169391], [35.4367088154595, 32.584174410220896], [35.43531130767076, 32.58634380881978], [35.43984590616367, 32.59080196134147], [35.44778074238741, 32.585347464314054]]]}, "properties": {"sid": "269", "name": "מולדת"}}, {"type": "Feature", "geometry": {"type": "Polygon", "coordinates": [[[35.10607605096902, 32.5935416812037], [35.107033187731474, 32.59032673349202], [35.10557625723851, 32.58890770492667], [35.10300994825059, 32.59066275887926], [35.10359284383475, 32.592542441780324], [35.09956246643475, 32.592030330935074], [35.09631274373817, 32.59546714769078], [35.097656879461454, 32.5973542922668], [35.09451338288636, 32.59776468079542], [35.09486391164029, 32.60251501405668], [35.09662684635191, 32.602774337165954], [35.096979639598715, 32.600739008598396], [35.103674939347, 32.5979562669682], [35.10347009626798, 32.59480825309845], [35.10685861673181, 32.59612705671833], [35.10607605096902, 32.5935416812037]]]}, "properties": {"sid": "270", "name": "עין השופט"}}, {"type": "Feature", "geometry": {"type": "MultiPolygon", "coordinates": [[[[35.16982477389428, 32.51540725534062], [35.16831283546901, 32.511844043367944], [35.16225815069316, 32.51101203108044], [35.16145172771513, 32.50646829187821], [35.157128748692855, 32.50361631234301], [35.15525607420852, 32.50429556219052], [35.15541407879675, 32.50667467639528], [35.15357243811758, 32.50588645569542], [35.14896475621856, 32.5071876245093], [35.148599833815354, 32.507916192278515], [35.14821028437717, 32.50810482327904], [35.14815894028294, 32.50831218266114], [35.14794627669937, 32.50857921925564], [35.1478664393847, 32.50860793910516], [35.14181701024688, 32.5061880289544], [35.13117409410921, 32.508022673807375], [35.12587062113232, 32.50217471529095], [35.12137418087377, 32.50103951725998], [35.1187226107599, 32.50581180027439], [35.12016609279101, 32.50827105486536], [35.11953856655168, 32.51077934319221], [35.117462020256085, 32.512834007183756], [35.11563989396598, 32.51128948002554], [35.11020334560794, 32.51496446423869], [35.11835621077057, 32.51809810694215], [35.121323396157834, 32.51695126448931], [35.128437579430795, 32.522197335538635], [35.139875734577515, 32.526583665503836], [35.14639775295399, 32.53290544443075], [35.14052017256796, 32.53164755459102], [35.13957748431352, 32.52908399393124], [35.13463875027816, 32.53042859999994], [35.13893451401668, 32.532419030813685], [35.138508851402435, 32.53365455451416], [35.126697940757424, 32.53302380600388], [35.12715587824124, 32.53469547841365], [35.129761322127365, 32.53416515629698], [35.131041568213845, 32.53568570123417], [35.13842407411181, 32.53556724703088], [35.139956526972185, 32.53911697726676], [35.14223967721938, 32.53852526742719], [35.14583726487791, 32.54043924417584], [35.148598324752925, 32.53807620175536], [35.148455816382864, 32.54005655116896], [35.152445822316906, 32.540393960612846], [35.15224052957683, 32.53797366285431], [35.156059157104494, 32.53527901071783], [35.161700303925954, 32.53966448632701], [35.16633099767745, 32.539262269937865], [35.166187167303974, 32.53534738437435], [35.16888557500931, 32.53304083736481], [35.166555744552, 32.53304122497258], [35.16560335710932, 32.527946293986304], [35.16397562287676, 32.52723821906858], [35.16481711042138, 32.52638342155768], [35.17000202847089, 32.528661770324504], [35.17194253432058, 32.52838314866341], [35.17124630797076, 32.527118220729335], [35.17555692850948, 32.52781754884086], [35.176219046272024, 32.52915567799221], [35.173236281029574, 32.53085477073114], [35.17503574710207, 32.531406333035875], [35.17657708976094, 32.52976271767534], [35.1856407712047, 32.53772817851268], [35.18547085599528, 32.539595009202344], [35.188946445222314, 32.53866205431041], [35.18911620754699, 32.537226024961114], [35.18606504616503, 32.535502370837776], [35.186663960473425, 32.53327509996592], [35.18381391807793, 32.53301144841964], [35.184964882123666, 32.53070716500372], [35.18169293717938, 32.52907954588437], [35.18323942575893, 32.52662934207052], [35.171574791643366, 32.52401105316761], [35.17064354995989, 32.521282312229005], [35.17225896887635, 32.51936721312643], [35.1717869390161, 32.51644681586794], [35.17000247903121, 32.51701286625081], [35.16982477389428, 32.51540725534062]]], [[[35.16672138078712, 32.54314827017657], [35.16795907545105, 32.5420746082566], [35.172376747688816, 32.54283667577204], [35.17312336754941, 32.541685443728284], [35.16724565226508, 32.53901504990466], [35.16672138078712, 32.54314827017657]]]]}, "properties": {"sid": "2710", "name": "אום אל-פחם"}}, {"type": "Feature", "geometry": {"type": "Polygon", "coordinates": [[[34.9644504131561, 32.22481507285738], [34.961808420822024, 32.22317913770706], [34.96287495831274, 32.22014435747616], [34.95791668560662, 32.21889755537791], [34.95724526435754, 32.222551684312805], [34.952625331893614, 32.22101939063242], [34.95207624452314, 32.224467450712325], [34.94654663791704, 32.2240709953802], [34.94650788882808, 32.22619099511837], [34.93817417719657, 32.22869908469505], [34.93597102074608, 32.235442915458236], [34.93695824432757, 32.237244613648045], [34.941744548672034, 32.23731525269682], [34.942081200886776, 32.242416040967555], [34.944562980797, 32.243446370853405], [34.954276461089876, 32.24369113483806], [34.95705064027487, 32.24555242660324], [34.96248161103756, 32.243763346801074], [34.96247520156936, 32.246181542844], [34.96565257021001, 32.2457939251496], [34.965595669204845, 32.242250866084646], [34.968903485407566, 32.24253826063227], [34.96870933436833, 32.24085077544299], [34.97202340985251, 32.238663644911355], [34.9713701926803, 32.23534443699623], [34.97907923162131, 32.23411848208235], [34.978298603897485, 32.23249408163662], [34.98289519805502, 32.232384993872415], [34.98236658914681, 32.230077909068314], [34.97164129780771, 32.23281425107689], [34.96463250338735, 32.23105778518868], [34.96517248512214, 32.229116866550214], [34.97341652805039, 32.22615523537587], [34.97262030608232, 32.224135503750574], [34.9739869959032, 32.2235577450939], [34.971768055451435, 32.220828999658636], [34.96656268681858, 32.22533521914511], [34.9644504131561, 32.22481507285738]]]}, "properties": {"sid": "2720", "name": "טירה"}}, {"type": "Feature", "geometry": {"type": "Polygon", "coordinates": [[[34.99424805070703, 32.26106835881774], [34.99401534213439, 32.26683671923928], [34.997185208630526, 32.26715428244421], [34.99811030074983, 32.26915354549976], [34.998516146802785, 32.27131653552976], [34.99643992516246, 32.27156476550158], [34.99767277607782, 32.27504149147171], [35.00135008683708, 32.27461800611616], [35.00227831759031, 32.27264903942171], [35.00570813582186, 32.278240208219074], [35.00291717079085, 32.28106151277865], [35.006320243184746, 32.28132975266601], [35.00759499891012, 32.28340640777952], [35.009586888424224, 32.28290982193079], [35.0098356175198, 32.2809064444769], [35.01928818560134, 32.279393657091646], [35.01815642837653, 32.27733286062306], [35.019251693810645, 32.27331923579413], [35.0240386447677, 32.27097341359223], [35.02356499073181, 32.266248584204845], [35.021900963458734, 32.26525316420219], [35.02308544613646, 32.26451093393251], [35.02133589783347, 32.263239204425815], [35.02302444961873, 32.261294602164185], [35.01911634584275, 32.26219357167605], [35.01783124341722, 32.26011067346883], [35.019524736977075, 32.25899902688366], [35.01930529430393, 32.256440977269335], [35.01760108712051, 32.254997362138624], [35.01271797975102, 32.25538236280585], [35.01048173454444, 32.2523560712757], [35.0111838622455, 32.249040751129826], [35.00693062474858, 32.249524832804866], [35.00764810297761, 32.24819424986481], [35.00556514271722, 32.246403867844265], [35.00541775642438, 32.24343904047936], [35.00188397566501, 32.24481654554717], [35.00012518772729, 32.24288674252921], [34.99673889578344, 32.242845126401505], [34.9916301700963, 32.24439105650208], [34.99030042892173, 32.24244438669916], [34.98592816165541, 32.244195906316065], [34.98636279410772, 32.248833866589734], [34.98967939668688, 32.252453851863834], [34.98820543033639, 32.254422787981355], [34.995384576137326, 32.26002061176189], [34.99424805070703, 32.26106835881774]]]}, "properties": {"sid": "2730", "name": "טייבה"}}, {"type": "Feature", "geometry": {"type": "Polygon", "coordinates": [[[34.82739400492943, 31.72571672065021], [34.82743580721677, 31.728461680861926], [34.83075399709935, 31.729464076905685], [34.83154595718025, 31.7352694408321], [34.83330190415961, 31.73502372266671], [34.834599580906, 31.737420272027975], [34.84027211496618, 31.735117339393753], [34.838229411957855, 31.72819194000607], [34.83365321442437, 31.726300288027915], [34.83158312076449, 31.727324562778392], [34.83157239275175, 31.72525357519237], [34.829685267960826, 31.724417472788218], [34.82739400492943, 31.72571672065021]]]}, "properties": {"sid": "274", "name": "כפר מנחם"}}, {"type": "Feature", "geometry": {"type": "Polygon", "coordinates": [[[34.90248357725534, 32.300144146335356], [34.90458413005359, 32.29978339858502], [34.90537693369856, 32.30358339036121], [34.9243445817371, 32.30178813131727], [34.924285478292234, 32.29167479085896], [34.91653464245985, 32.289711328015414], [34.91561897433627, 32.2954394950367], [34.909349128559484, 32.296248794046676], [34.90712641095513, 32.29392828236439], [34.90417842699287, 32.29498432746482], [34.90248357725534, 32.300144146335356]]]}, "properties": {"sid": "276", "name": "צור משה"}}, {"type": "Feature", "geometry": {"type": "Polygon", "coordinates": [[[35.11779215238596, 32.794947849963364], [35.116061318075424, 32.79325191204617], [35.109728632170686, 32.79442684482308], [35.110426576225564, 32.79655734504547], [35.11667443267896, 32.7993361323567], [35.11801244851574, 32.79913993176251], [35.11667747778341, 32.79623493089741], [35.11779215238596, 32.794947849963364]]]}, "properties": {"sid": "278", "name": "אושה"}}, {"type": "Feature", "geometry": {"type": "Polygon", "coordinates": [[[34.84052641985846, 31.857936305116425], [34.85440623885688, 31.854732051243218], [34.850891144211005, 31.849326904513077], [34.851920334655745, 31.84418913342182], [34.84751127342656, 31.842618133819883], [34.846688878488976, 31.84075087325425], [34.850255462919336, 31.839364889378203], [34.850083262532564, 31.8368826993771], [34.846920904476235, 31.837122026060683], [34.84629832540742, 31.828961619183417], [34.843264547021306, 31.833575250097738], [34.84313837303756, 31.8379799370245], [34.83636155244375, 31.83981164289304], [34.83357701666603, 31.84332774118235], [34.834964774005186, 31.84646231198616], [34.831959125513265, 31.847705760512497], [34.836238875923414, 31.85792443046813], [34.84052641985846, 31.857936305116425]]]}, "properties": {"sid": "28", "name": "מזכרת בתיה"}}, {"type": "Feature", "geometry": {"type": "Polygon", "coordinates": [[[35.57070670135323, 33.22782740581016], [35.57399728744491, 33.227760357754335], [35.5709205313575, 33.22413646672459], [35.57459949237273, 33.22203673410803], [35.57801251846303, 33.22969730138942], [35.5800847983748, 33.22782810728137], [35.58010453039981, 33.225117824927736], [35.5821142633626, 33.22573852441343], [35.58375591910044, 33.224372693445105], [35.58462253280368, 33.22114704200243], [35.588460459782425, 33.22103975288235], [35.58891917877713, 33.22293132302218], [35.5945053338541, 33.222328686419814], [35.59384345710993, 33.22104390505223], [35.60078392283981, 33.22089193671354], [35.59225370034807, 33.21036902251245], [35.587422343566345, 33.2116314863041], [35.581423790875306, 33.209448771443704], [35.578093606734626, 33.19500906961292], [35.571191382876066, 33.188097613314255], [35.56567543517326, 33.19317509385553], [35.567514418355756, 33.19542268670767], [35.564638195796135, 33.19644889410125], [35.562332680309, 33.19511857556188], [35.56120835598091, 33.19796285330307], [35.56382512502955, 33.21290061946809], [35.56693841247778, 33.21714120080583], [35.564723300439994, 33.22820314166171], [35.57122726582571, 33.22998977261], [35.57070670135323, 33.22782740581016]]]}, "properties": {"sid": "2800", "name": "קריית שמונה"}}, {"type": "Feature", "geometry": {"type": "Polygon", "coordinates": [[[35.08074604389486, 32.97325861829063], [35.07878915959208, 32.974018302602644], [35.08182127153452, 32.98509215138171], [35.08544019111196, 32.986104945386955], [35.08774613737438, 32.98268271203756], [35.086817218639794, 32.979165579527944], [35.08510699139458, 32.979596250466614], [35.08074604389486, 32.97325861829063]]]}, "properties": {"sid": "282", "name": "שבי ציון"}}, {"type": "Feature", "geometry": {"type": "Polygon", "coordinates": [[[34.916776591566475, 32.20032247580167], [34.914170387753245, 32.19791849264436], [34.91128900938031, 32.19850904145915], [34.91202882676902, 32.20159950771114], [34.9100199760411, 32.20071105667], [34.90294876327488, 32.20297043963416], [34.90346635818594, 32.206948039420524], [34.89892149662984, 32.20713454892035], [34.89902731625767, 32.20524532511172], [34.892023996010664, 32.20661007509494], [34.89061065205999, 32.21250061651028], [34.896409629900575, 32.214568541904725], [34.896973175671576, 32.21282363320415], [34.905708511038995, 32.21104252769055], [34.90751350704278, 32.20596891873066], [34.916341679425045, 32.2052013527603], [34.914890648484686, 32.20254712335111], [34.9178120691717, 32.201707743817394], [34.916776591566475, 32.20032247580167]]]}, "properties": {"sid": "284", "name": "שדה ורבורג"}}, {"type": "Feature", "geometry": {"type": "Polygon", "coordinates": [[[35.13817752407351, 32.71635716115412], [35.13942489903991, 32.72112070545626], [35.14636610401254, 32.72371028350284], [35.15237881473058, 32.7184764576225], [35.15006472061043, 32.71826075612904], [35.15015083879024, 32.71586309430643], [35.147480587958796, 32.72007472826613], [35.14618818034029, 32.719830145045194], [35.137883746138016, 32.71444552624007], [35.13603750362796, 32.715217522270905], [35.13817752407351, 32.71635716115412]]]}, "properties": {"sid": "285", "name": "אלונים"}}, {"type": "Feature", "geometry": {"type": "Polygon", "coordinates": [[[34.87330091680394, 32.25532487364404], [34.876810450042285, 32.25544528117484], [34.87709067879183, 32.252468367820995], [34.87967741408147, 32.25238883087991], [34.87625312038523, 32.25069816209054], [34.87527068029772, 32.24734299478342], [34.873643704193626, 32.24782138914583], [34.87349292655739, 32.249968925225744], [34.868278846191856, 32.251879525919435], [34.86544315967416, 32.250370111891186], [34.86424857311323, 32.25152729654752], [34.86451486596832, 32.25444953831561], [34.86605789665464, 32.25536922281145], [34.87330091680394, 32.25532487364404]]]}, "properties": {"sid": "287", "name": "תל יצחק"}}, {"type": "Feature", "geometry": {"type": "MultiPolygon", "coordinates": [[[[35.094724385422126, 32.89958835691721], [35.093265462930844, 32.89898299716765], [35.091471122094674, 32.90114017218127], [35.09124353965768, 32.90572178992869], [35.09294776302892, 32.90733085153761], [35.09604604169152, 32.90612130745245], [35.09816473291613, 32.9085449569842], [35.101076666654876, 32.9077719240351], [35.102841669807276, 32.90512395390738], [35.09942910686783, 32.903265687461555], [35.101822293663986, 32.8996687931803], [35.094724385422126, 32.89958835691721]]], [[[35.114028249504145, 32.90961764134113], [35.112474411664834, 32.913768346232246], [35.11820019907998, 32.91675333280011], [35.120489791170996, 32.91620629318595], [35.11999731612332, 32.91085195185616], [35.114028249504145, 32.90961764134113]]]]}, "properties": {"sid": "289", "name": "עין המפרץ"}}, {"type": "Feature", "geometry": {"type": "Polygon", "coordinates": [[[35.611650399646294, 33.05464891371645], [35.588545443017836, 33.04959990391251], [35.58435981295503, 33.05473119358976], [35.60516017140486, 33.06090950726798], [35.602808523394685, 33.06261885137894], [35.60998830141904, 33.06499992610577], [35.61619511281424, 33.05924676602547], [35.61713679652598, 33.05636375088642], [35.611650399646294, 33.05464891371645]]]}, "properties": {"sid": "29", "name": "יסוד המעלה"}}, {"type": "Feature", "geometry": {"type": "Polygon", "coordinates": [[[34.94140758798983, 32.56682853031248], [34.93864856507929, 32.56420204139113], [34.938285855008246, 32.56700093844262], [34.94035467612747, 32.57075589666732], [34.94337503752803, 32.56882601360968], [34.94140758798983, 32.56682853031248]]]}, "properties": {"sid": "290", "name": "מעיין צבי"}}, {"type": "Feature", "geometry": {"type": "Polygon", "coordinates": [[[35.09874149242597, 32.89421266927934], [35.10268916996927, 32.89396867961091], [35.10217511119248, 32.8862280456878], [35.09632617691159, 32.88560904592077], [35.095953427708594, 32.89178788390376], [35.09874149242597, 32.89421266927934]]]}, "properties": {"sid": "297", "name": "כפר מסריק"}}, {"type": "Feature", "geometry": {"type": "Polygon", "coordinates": [[[35.06720720105153, 32.58684542457672], [35.07122510035816, 32.59118733612672], [35.08247612457353, 32.594607555894015], [35.080908457859096, 32.58811795358076], [35.07722463420953, 32.588568500436], [35.06843400402613, 32.585846243609296], [35.06720720105153, 32.58684542457672]]]}, "properties": {"sid": "300", "name": "דלייה"}}, {"type": "Feature", "geometry": {"type": "Polygon", "coordinates": [[[35.22150517232592, 31.88196149392786], [35.22778737388825, 31.863268409809336], [35.2270216200518, 31.861684777430582], [35.22168705571312, 31.860388721262552], [35.23039668485916, 31.842158064043474], [35.23291515890753, 31.841510481123862], [35.24208072814315, 31.8451687064707], [35.25252951842259, 31.842405134789203], [35.24765280613212, 31.834450803961488], [35.25187461322287, 31.83257048254177], [35.25086392363124, 31.830887555116647], [35.253769098964824, 31.828615536677717], [35.25660748075069, 31.82922356741375], [35.252796785243504, 31.826017118295397], [35.258161727781555, 31.82503728534249], [35.261385655223876, 31.82202799549566], [35.256771145671905, 31.818271688287837], [35.25548592633447, 31.81588186225821], [35.25656116476597, 31.813394533530925], [35.25525492467506, 31.812506843316214], [35.256957156047974, 31.810008916978006], [35.25628108350526, 31.8038151538463], [35.25942356384644, 31.800270740402425], [35.260239831702904, 31.790198658141605], [35.261870912312816, 31.789625231519267], [35.25845347234991, 31.78366165166392], [35.262678283176285, 31.781261673187714], [35.259460437848986, 31.78080512785442], [35.25304218055226, 31.775197666039503], [35.254769105509865, 31.77144922610097], [35.25179221194111, 31.7700549891465], [35.253248220628905, 31.762140085496583], [35.25972062970334, 31.75761216806717], [35.25841854987624, 31.752489392271684], [35.26081337163981, 31.74846436673721], [35.25706696686706, 31.74211279147221], [35.251687442721334, 31.739900892712058], [35.25175137192832, 31.73330586917058], [35.24959951280732, 31.725867775277663], [35.24634128971877, 31.72263990430821], [35.24399690193553, 31.724705375452743], [35.24135122238107, 31.72295194027987], [35.237416443813856, 31.724960627331143], [35.23444317361361, 31.722090921259053], [35.23158378006747, 31.72224430243267], [35.22783485089769, 31.719217873306263], [35.221959885740205, 31.717476704886053], [35.21568486886167, 31.719539320683168], [35.21490230130024, 31.721438395665473], [35.21179553663478, 31.720017352618754], [35.20754916096507, 31.72446583652919], [35.202500619707905, 31.72419780168724], [35.20202182694578, 31.721421589135105], [35.19960716164127, 31.720891874960103], [35.19105487788039, 31.724908561980612], [35.18672245597662, 31.72366261423832], [35.186671822346796, 31.721618323926577], [35.18359305717388, 31.72133731366614], [35.18556712931962, 31.724848468382163], [35.188340678979216, 31.725631231096486], [35.17432633129522, 31.73686248101876], [35.1730965992287, 31.740867501134346], [35.16862200440204, 31.742847356820107], [35.16447304959161, 31.750494837167025], [35.16352218649973, 31.757027712159243], [35.16178117725957, 31.756355765706076], [35.161628706199906, 31.754363552436075], [35.15699181791814, 31.760092020730212], [35.15825659116882, 31.7596821987745], [35.15764484893066, 31.762037194960612], [35.152562271931345, 31.760111861573193], [35.15478654626213, 31.763398160596694], [35.15347897607393, 31.764416730947403], [35.15157467333256, 31.764452096786897], [35.15059615788641, 31.762590564003403], [35.143893525965495, 31.762354911050352], [35.13967526759956, 31.77976735517933], [35.14156597079295, 31.782592608662014], [35.14705394508354, 31.78409857648819], [35.14790208311467, 31.78620741474043], [35.15186250585003, 31.78641867628096], [35.15374739582569, 31.789994295300517], [35.16371651560479, 31.791565406418442], [35.16225180507678, 31.79473132758875], [35.16951476859174, 31.799479828931], [35.18547168517017, 31.804250182899693], [35.193964038109925, 31.801200506298358], [35.19718249047958, 31.8027297323913], [35.198457799288065, 31.804107871481108], [35.189568679850765, 31.81128333995423], [35.1909961422582, 31.81404842339606], [35.18535823929136, 31.817923779259047], [35.18432588323299, 31.825775164692175], [35.19256571553541, 31.82663964160622], [35.19541880303541, 31.823263494914386], [35.203088073056165, 31.82123451376185], [35.20350720659235, 31.818830484739124], [35.208868232582915, 31.816984124417843], [35.212719209623856, 31.817578825402506], [35.213501115284316, 31.81590997686402], [35.21714618894549, 31.81734042591995], [35.222214487408735, 31.81545083878524], [35.22133387665713, 31.819676592101075], [35.21515467984466, 31.825288764564903], [35.21794737966786, 31.826231810749505], [35.21609422406925, 31.82873127133115], [35.217034899640964, 31.83258049109685], [35.213732767153545, 31.835927814517106], [35.21640266365205, 31.83881213367306], [35.21465301912161, 31.842900377050796], [35.22293651980459, 31.844361306828887], [35.22298689353039, 31.847384807762694], [35.22061713677152, 31.849237953468844], [35.21447592912091, 31.849018916389923], [35.2133087655871, 31.854083103152732], [35.210721472717864, 31.854337377468028], [35.20906932908633, 31.857587895165295], [35.21383907691194, 31.860573100268425], [35.214510397436925, 31.863728952629117], [35.205939715345664, 31.867432984045024], [35.20791262107065, 31.868342115895985], [35.20669029761922, 31.870950323398745], [35.211676906164314, 31.871087270361272], [35.21270665688678, 31.87311878760204], [35.20987566932672, 31.874958445276093], [35.21135599748135, 31.87825282920477], [35.20759751481353, 31.87935123327287], [35.207564284863906, 31.882162327829235], [35.21483279629655, 31.88277639481481], [35.21757610355439, 31.88051500006725], [35.2208976029421, 31.882922055308654], [35.22150517232592, 31.88196149392786]], [[35.225162281614075, 31.741008364644358], [35.22216446981446, 31.740989721698327], [35.2168918651675, 31.744143233123737], [35.212167908122524, 31.73860111335074], [35.219823725184824, 31.731936489477448], [35.225170917803666, 31.738121236006293], [35.225162281614075, 31.741008364644358]], [[35.15462195144198, 31.786784703051637], [35.150877446037384, 31.785140388018533], [35.14871980787291, 31.78021288651553], [35.142458771854876, 31.77883797239457], [35.14251117085388, 31.773634315171535], [35.15028565885615, 31.773407721988804], [35.15294365462603, 31.77551103840375], [35.167264424713494, 31.77897635827236], [35.169302995337034, 31.777186556314575], [35.18009985652321, 31.779647951291963], [35.17218363536654, 31.779898715553315], [35.1702958180976, 31.784873015077608], [35.16799082961313, 31.78616199897715], [35.16679471330542, 31.79118383846344], [35.15462195144198, 31.786784703051637]]]}, "properties": {"sid": "3000", "name": "ירושלים"}}, {"type": "Feature", "geometry": {"type": "Polygon", "coordinates": [[[35.63671485310806, 33.233368488664894], [35.642292014964596, 33.23430320083213], [35.64285608953696, 33.23129542634291], [35.64281640155576, 33.22887763859222], [35.63744570065859, 33.224438129915825], [35.63674141458466, 33.226071790680635], [35.63489154510876, 33.22590983087406], [35.634367511951154, 33.23192799508098], [35.63671485310806, 33.233368488664894]]]}, "properties": {"sid": "302", "name": "דפנה"}}, {"type": "Feature", "geometry": {"type": "Polygon", "coordinates": [[[34.706985839225126, 31.62667702772268], [34.71077271978527, 31.62508409185739], [34.70873018315149, 31.620349530006877], [34.70070472494314, 31.61876885459901], [34.70010327094923, 31.623130072794652], [34.70295180428241, 31.62447945696141], [34.703362388863184, 31.6266306146112], [34.706985839225126, 31.62667702772268]]]}, "properties": {"sid": "309", "name": "נהורה"}}, {"type": "Feature", "geometry": {"type": "Polygon", "coordinates": [[[34.609175667922784, 31.31878611858457], [34.619628790236504, 31.322711090044834], [34.630588018622234, 31.32131121344179], [34.63199748469623, 31.310593375683766], [34.62892731164618, 31.309090192158692], [34.62859802397969, 31.306184273085762], [34.629743437409786, 31.30324771321142], [34.633136317786864, 31.30154996495895], [34.63338143610446, 31.296859229769666], [34.61693578206075, 31.29721603669077], [34.610887881770395, 31.295589448194505], [34.60535962864401, 31.31771478770736], [34.609175667922784, 31.31878611858457]]]}, "properties": {"sid": "31", "name": "אופקים"}}, {"type": "Feature", "geometry": {"type": "Polygon", "coordinates": [[[35.130050150194336, 32.83722925472637], [35.128549804030285, 32.83547930172847], [35.12954066447014, 32.834027559424385], [35.12816261441316, 32.833995494996145], [35.12415775887354, 32.83836903840046], [35.12588464785824, 32.84032024798108], [35.12480651091181, 32.841607564537526], [35.12729986060015, 32.84321238224567], [35.13203082516253, 32.841265337425455], [35.130050150194336, 32.83722925472637]]]}, "properties": {"sid": "313", "name": "אפק"}}, {"type": "Feature", "geometry": {"type": "Polygon", "coordinates": [[[34.68463090639125, 31.66403290229664], [34.68980207470605, 31.662824216164722], [34.68639807780909, 31.660527816205786], [34.686287367667944, 31.656544035379], [34.680827220200115, 31.654623584410956], [34.682432850895395, 31.657822798483437], [34.67783916874271, 31.661138199568313], [34.67889392241665, 31.664076004104345], [34.68173237434962, 31.664447339573087], [34.68232564541228, 31.666424785975153], [34.68457991483126, 31.666330531628773], [34.68463090639125, 31.66403290229664]]]}, "properties": {"sid": "315", "name": "נגבה"}}, {"type": "Feature", "geometry": {"type": "Polygon", "coordinates": [[[35.61675288134046, 33.17765558143998], [35.619081735134046, 33.18228954422716], [35.62388751699535, 33.1803055939281], [35.625508537788846, 33.17411478057272], [35.620968642289085, 33.17328302189401], [35.61653381638257, 33.1760102672601], [35.61675288134046, 33.17765558143998]]]}, "properties": {"sid": "319", "name": "עמיר"}}, {"type": "Feature", "geometry": {"type": "Polygon", "coordinates": [[[34.8987072772191, 32.33224279826658], [34.89879490536066, 32.32404246418844], [34.88098969042193, 32.323811867223924], [34.88208511053949, 32.326933865505566], [34.88036755741689, 32.327369584338896], [34.88080013761629, 32.329516265163534], [34.883055232612946, 32.329456614031585], [34.88346139522724, 32.330868800554754], [34.88546783936937, 32.346535603935024], [34.90333737831742, 32.340969612557615], [34.9023636130903, 32.337935471744686], [34.90022048009115, 32.338370646488215], [34.8987072772191, 32.33224279826658]]]}, "properties": {"sid": "326", "name": "בית יצחק-שער חפר"}}, {"type": "Feature", "geometry": {"type": "Polygon", "coordinates": [[[34.89001410027055, 32.49684244961941], [34.89898304353267, 32.495222711259146], [34.898171232716265, 32.491336496082454], [34.892587155073215, 32.48882115167487], [34.89187701711069, 32.48454023304538], [34.89328312151889, 32.48221758547322], [34.891525501800515, 32.481379409232375], [34.888671941257144, 32.4829961141794], [34.89001410027055, 32.49684244961941]]]}, "properties": {"sid": "327", "name": "שדות ים"}}, {"type": "Feature", "geometry": {"type": "Polygon", "coordinates": [[[35.618707848288636, 33.18262902211171], [35.61545201110147, 33.18527825218962], [35.617678535536015, 33.18817650094479], [35.61973664213235, 33.1871940122939], [35.621127481448184, 33.190571650061656], [35.629440828831264, 33.18773501026254], [35.63012993524836, 33.18471580898745], [35.628003193292784, 33.18294443593703], [35.61936981946167, 33.183810603576546], [35.618707848288636, 33.18262902211171]]]}, "properties": {"sid": "329", "name": "שדה נחמיה"}}, {"type": "Feature", "geometry": {"type": "Polygon", "coordinates": [[[35.0955235895421, 32.61006056524292], [35.095682658927615, 32.60598907713427], [35.08606055874782, 32.61198728088834], [35.08877689443818, 32.613640186245675], [35.09229111314443, 32.60853438875108], [35.094381372302564, 32.61481932155448], [35.098377163575265, 32.612460083266285], [35.1006988236918, 32.61389795802438], [35.09898168335803, 32.60995067528347], [35.0955235895421, 32.61006056524292]]]}, "properties": {"sid": "335", "name": "רמת השופט"}}, {"type": "Feature", "geometry": {"type": "Polygon", "coordinates": [[[34.79053668931681, 31.6298610405546], [34.79156695804875, 31.631997445725574], [34.80261573103121, 31.63110590821117], [34.80330261612289, 31.627489209059775], [34.79788778189567, 31.6265111037045], [34.79461637924254, 31.622749618200373], [34.79286292698254, 31.622743979451116], [34.78991943693251, 31.62424224278533], [34.79053668931681, 31.6298610405546]]]}, "properties": {"sid": "340", "name": "גת (קיבוץ)"}}, {"type": "Feature", "geometry": {"type": "Polygon", "coordinates": [[[35.02470071306749, 32.455975687428065], [35.025389004698866, 32.46056772382144], [35.03227904903895, 32.46095816628639], [35.033273475290684, 32.45643977357673], [35.03212954394337, 32.45396878013514], [35.026472559161334, 32.45251100517879], [35.02470071306749, 32.455975687428065]]]}, "properties": {"sid": "344", "name": "מענית"}}, {"type": "Feature", "geometry": {"type": "Polygon", "coordinates": [[[34.8275388461409, 32.15918809875183], [34.82882450164948, 32.16030139199569], [34.83496948555336, 32.159722991223134], [34.83156869384021, 32.15453548222678], [34.82712923462651, 32.156490742353924], [34.8275388461409, 32.15918809875183]]]}, "properties": {"sid": "346", "name": "גליל ים"}}, {"type": "Feature", "geometry": {"type": "Polygon", "coordinates": [[[34.63211146477232, 31.73727242977884], [34.6301412228392, 31.734967071673054], [34.62551518937454, 31.73676225787193], [34.626808436060514, 31.74164034612511], [34.63097158846807, 31.745125859370944], [34.6343952301558, 31.74193258082397], [34.63968455589759, 31.741186036506406], [34.63481573246014, 31.736519252961216], [34.63211146477232, 31.73727242977884]]]}, "properties": {"sid": "351", "name": "ניצן"}}, {"type": "Feature", "geometry": {"type": "Polygon", "coordinates": [[[35.1576871071743, 32.20804510259944], [35.15547708799727, 32.20881233582071], [35.15820282609957, 32.20904943488358], [35.15806085102753, 32.21138683853184], [35.153252158960015, 32.21197040950682], [35.15103823312802, 32.21405080310211], [35.155243816449, 32.215538622609415], [35.15522579223659, 32.218855502179736], [35.15758087205967, 32.21701524285925], [35.15949983914629, 32.217783162263174], [35.157795616674434, 32.22185435989087], [35.15969474921337, 32.22394143185164], [35.16234744977504, 32.22320200926538], [35.16210824719792, 32.226836278471524], [35.15966940631807, 32.22765343755617], [35.16482819456559, 32.233195339693225], [35.167254370292994, 32.2278474330127], [35.16456646217256, 32.218323279795584], [35.15985487440298, 32.21634061013111], [35.16370370566153, 32.212094278528184], [35.16042198778456, 32.20799588090523], [35.16504618663225, 32.20738671792276], [35.16698650002701, 32.20523361683797], [35.158453467153834, 32.20492443801248], [35.1576871071743, 32.20804510259944]]]}, "properties": {"sid": "3557", "name": "קדומים"}}, {"type": "Feature", "geometry": {"type": "Polygon", "coordinates": [[[35.62225713246073, 33.19152217320976], [35.61737305562207, 33.19049679948773], [35.61653684170193, 33.191909060654666], [35.61309568571738, 33.19195027298679], [35.612499845291666, 33.19795962113966], [35.60983494902371, 33.19998373965791], [35.611316089266154, 33.201989536288124], [35.609965327338045, 33.203820023575304], [35.61193941477222, 33.20472675423639], [35.6107978945073, 33.20617935269502], [35.61307240316893, 33.20964479487145], [35.611383806417564, 33.2133283999857], [35.61220423903444, 33.2165002827619], [35.61503597572977, 33.21321479132962], [35.6232641582144, 33.21138742738793], [35.624531688786476, 33.20704235921755], [35.62284795826673, 33.20518664145038], [35.62849522587402, 33.2023848791589], [35.62225713246073, 33.19152217320976]]]}, "properties": {"sid": "356", "name": "הגושרים"}}, {"type": "Feature", "geometry": {"type": "Polygon", "coordinates": [[[35.03880176259133, 32.107736736960874], [35.03587589295813, 32.10518712388671], [35.0325502863667, 32.106468391603016], [35.032667623611985, 32.108345720978264], [35.02673613696322, 32.11348046764954], [35.0309346453177, 32.11410344871524], [35.03434204614854, 32.11775955256138], [35.03398448469625, 32.115059024254606], [35.03904678018483, 32.113850305747064], [35.039254296048966, 32.117009946052235], [35.03611418811931, 32.117939041053944], [35.037867350797626, 32.120757135933104], [35.04195117580616, 32.11587784348774], [35.04489268375039, 32.11563534759324], [35.046803498482745, 32.113060864667204], [35.04359854493697, 32.11181611751988], [35.043063381769684, 32.11005934406353], [35.039260587705996, 32.11042278798135], [35.04015247685538, 32.109342853290116], [35.03880176259133, 32.107736736960874]]]}, "properties": {"sid": "3560", "name": "אלקנה"}}, {"type": "Feature", "geometry": {"type": "Polygon", "coordinates": [[[35.23427851674023, 31.652020414910282], [35.235465048972856, 31.649203722973482], [35.231984935256605, 31.65014862086224], [35.23024729667543, 31.648217235936727], [35.22566149618115, 31.648485548669214], [35.224029956017716, 31.654667419166117], [35.22614982985084, 31.656836576746684], [35.233133206732134, 31.65591390200501], [35.23427851674023, 31.652020414910282]]]}, "properties": {"sid": "3563", "name": "תקוע"}}, {"type": "Feature", "geometry": {"type": "Polygon", "coordinates": [[[35.614038776868085, 33.17816593411061], [35.61525965870635, 33.1785687251666], [35.616033624252395, 33.17631537035811], [35.61391444919252, 33.17178535840759], [35.6095759613616, 33.168244238281034], [35.60421192084351, 33.16803605242194], [35.604655651737005, 33.17196139080562], [35.606513540467574, 33.17312017805381], [35.602986726756114, 33.17346859070295], [35.60386636174326, 33.17707734704197], [35.605513062677744, 33.1782091564275], [35.60943886241364, 33.17541773723883], [35.61309657874415, 33.17570154079351], [35.614038776868085, 33.17816593411061]]]}, "properties": {"sid": "357", "name": "כפר בלום"}}, {"type": "Feature", "geometry": {"type": "Polygon", "coordinates": [[[35.211966319689964, 32.10732093271491], [35.21662195433976, 32.10723529027649], [35.217210533639275, 32.10583409796533], [35.21281264109058, 32.103875948316386], [35.21113902614519, 32.1000593937261], [35.208386019699105, 32.100883122358255], [35.20516665541686, 32.098578632098224], [35.18777254846441, 32.10343773836098], [35.17689778170734, 32.102450171238445], [35.170257354993, 32.09982727420936], [35.16656863993086, 32.09996598114515], [35.163613185300335, 32.10222752787814], [35.163892793517675, 32.10455886200191], [35.17647690168769, 32.110198093267456], [35.18059205457973, 32.10883182073201], [35.1885346006913, 32.109590103900246], [35.195772742018505, 32.106632031343224], [35.211966319689964, 32.10732093271491]]]}, "properties": {"sid": "3570", "name": "אריאל"}}, {"type": "Feature", "geometry": {"type": "Polygon", "coordinates": [[[35.21814989080485, 31.941088655716953], [35.21747175072079, 31.943666034459966], [35.221909940091734, 31.949118612334132], [35.224789345352065, 31.948114815146653], [35.22515583887093, 31.945596288937622], [35.227796175553124, 31.948749723920685], [35.23044308178282, 31.94872729752683], [35.23053473978649, 31.944222322702103], [35.22750935387364, 31.9427960150241], [35.23090330894058, 31.940576198632698], [35.223971129564006, 31.940185429713836], [35.22517141333009, 31.936925894514445], [35.22810178946605, 31.93799121612176], [35.22972020852086, 31.93661048968238], [35.23118484080783, 31.9324404817429], [35.22059990036519, 31.934088106281138], [35.21814989080485, 31.941088655716953]]]}, "properties": {"sid": "3574", "name": "בית אל"}}, {"type": "Feature", "geometry": {"type": "MultiPolygon", "coordinates": [[[[34.648400885892215, 31.68239714121512], [34.64774554542066, 31.685042427765893], [34.64923175514144, 31.685414147245126], [34.649980359805795, 31.68280321929319], [34.648400885892215, 31.68239714121512]]], [[[34.634095864732444, 31.72141215344817], [34.636822974300856, 31.718710940757376], [34.63846940184146, 31.71968525187293], [34.640578611513774, 31.718214259580463], [34.63497327929343, 31.71141038288289], [34.631673242226384, 31.713876874318373], [34.63072634604407, 31.71695048187928], [34.634095864732444, 31.72141215344817]]]]}, "properties": {"sid": "359", "name": "ניצנים"}}, {"type": "Feature", "geometry": {"type": "MultiPolygon", "coordinates": [[[[35.129054652850016, 31.651245749691668], [35.12996808795697, 31.647730387947092], [35.125409373244054, 31.651432626114854], [35.123519352636094, 31.65514619753901], [35.12091224140687, 31.656732895706625], [35.118037859759454, 31.65575745414327], [35.11779504550498, 31.65921586092327], [35.1270503014303, 31.659016852645664], [35.129054652850016, 31.651245749691668]]], [[[35.10284689666702, 31.680045127180904], [35.103066330346905, 31.6779038278994], [35.09892254843692, 31.678079426824127], [35.100446902003, 31.681598080087383], [35.10284689666702, 31.680045127180904]]]]}, "properties": {"sid": "3604", "name": "אלון שבות"}}, {"type": "Feature", "geometry": {"type": "Polygon", "coordinates": [[[35.41141345476717, 32.07422647137463], [35.41927627148277, 32.07170091516514], [35.42112108676878, 32.066176554304604], [35.412669629599804, 32.065911559171184], [35.412096497955076, 32.07019299401151], [35.40947558572975, 32.07103476034598], [35.40279762760849, 32.06564824037406], [35.3940359951651, 32.06519746509099], [35.38903022926172, 32.071175915236324], [35.39427029553775, 32.071538568650055], [35.401580852974064, 32.0757620430839], [35.40464027642764, 32.075447060933186], [35.40674786732029, 32.073190372337876], [35.41141345476717, 32.07422647137463]]]}, "properties": {"sid": "3608", "name": "מעלה אפרים"}}, {"type": "Feature", "geometry": {"type": "MultiPolygon", "coordinates": [[[[35.11434254547214, 31.533265842544665], [35.12013939371809, 31.53158502223107], [35.124816532956686, 31.528182220533097], [35.123442485782164, 31.526424109784898], [35.116760927674704, 31.525568268161123], [35.11307420371156, 31.531290576099252], [35.11434254547214, 31.533265842544665]]], [[[35.12359820699169, 31.545312561725382], [35.12513359433996, 31.54367549792596], [35.13216091569376, 31.543276385996478], [35.132162277267355, 31.541508209136566], [35.13020775368494, 31.539738901828912], [35.126293744960435, 31.542404352079245], [35.122795367812046, 31.542143557679083], [35.12387764703584, 31.539101821192162], [35.11852927540576, 31.53949057742824], [35.116618547008386, 31.54482873096123], [35.1173412179229, 31.546738193113185], [35.1202078321258, 31.546516703583052], [35.12203184789149, 31.544546879834684], [35.12359820699169, 31.545312561725382]]]]}, "properties": {"sid": "3611", "name": "קריית ארבע"}}, {"type": "Feature", "geometry": {"type": "Polygon", "coordinates": [[[35.33124881298238, 31.805543194862594], [35.33074524659588, 31.799094428964793], [35.34146347825697, 31.797209273689077], [35.34140236572665, 31.79350190398975], [35.34657048713831, 31.788997375228746], [35.34702900828216, 31.786707972894703], [35.3271061327419, 31.782706454739127], [35.32115550672131, 31.783464242380944], [35.32166025481695, 31.777708910437923], [35.31689110683914, 31.775056885267077], [35.30747199443704, 31.776832878134883], [35.301845666644226, 31.772316718441857], [35.30221260262954, 31.769790547096136], [35.30745122819167, 31.772417545933024], [35.31028198912253, 31.76999458528195], [35.310431943879166, 31.76777789853122], [35.30707675049172, 31.76799754714915], [35.30789597082247, 31.76636840457826], [35.30134459587646, 31.764371066071874], [35.30151756788149, 31.76255289230221], [35.28981378357929, 31.767173037006103], [35.28817692392596, 31.779062141005056], [35.28982717898117, 31.782812820255515], [35.30298157154232, 31.79789043189794], [35.30643306253586, 31.798834909803304], [35.30679352610042, 31.79740251101714], [35.304342142376015, 31.791568070210303], [35.30045277237758, 31.789108005330206], [35.30182602635011, 31.78348474782291], [35.306215000322084, 31.784391572912796], [35.30820264053949, 31.78702073551858], [35.30730722155107, 31.794210184852204], [35.309311706969766, 31.795392989394998], [35.31382121707554, 31.790995001518183], [35.3224625121353, 31.79369436160556], [35.32367690626427, 31.796120699210974], [35.32886408610875, 31.798882100828337], [35.32521370554815, 31.80426556850125], [35.33124881298238, 31.805543194862594]]]}, "properties": {"sid": "3616", "name": "מעלה אדומים"}}, {"type": "Feature", "geometry": {"type": "Polygon", "coordinates": [[[34.69832059971594, 31.495104625977774], [34.70032722192383, 31.498833707109952], [34.702368464433164, 31.498546328750137], [34.705494531247666, 31.501165463915072], [34.71043247387962, 31.499741271442588], [34.70732346900297, 31.493615815417627], [34.70285826849437, 31.493013542141284], [34.69832059971594, 31.495104625977774]]]}, "properties": {"sid": "362", "name": "רוחמה"}}, {"type": "Feature", "geometry": {"type": "Polygon", "coordinates": [[[34.796303134182324, 31.785739826631755], [34.79811499830856, 31.793701191057153], [34.80570673327918, 31.789974723354874], [34.80523561713005, 31.788051950337262], [34.802838348311184, 31.788138912980514], [34.801378940186, 31.784543715719963], [34.796303134182324, 31.785739826631755]]]}, "properties": {"sid": "363", "name": "חפץ חיים"}}, {"type": "Feature", "geometry": {"type": "Polygon", "coordinates": [[[35.330511492111725, 31.823250030264717], [35.32897349133361, 31.82485630217667], [35.32506657466274, 31.823722190526723], [35.32261127079357, 31.82518423546412], [35.32136784924688, 31.821287896619197], [35.31824600205141, 31.822306582083172], [35.317376836971505, 31.820063869851765], [35.31374307947959, 31.819351211089554], [35.32211854123773, 31.826874364660227], [35.33063221710319, 31.826817048168266], [35.34295871267449, 31.829813207013956], [35.3459762942706, 31.828728416882996], [35.33867983820403, 31.826164091799455], [35.33650100841487, 31.822266637795167], [35.338313701716004, 31.821051611442783], [35.33511617836899, 31.81973638082934], [35.33388282922925, 31.820130748835027], [35.33386607306085, 31.825939634506597], [35.33246859225176, 31.825843080593756], [35.33334350220093, 31.82203027617635], [35.330511492111725, 31.823250030264717]]]}, "properties": {"sid": "3638", "name": "כפר אדומים"}}, {"type": "Feature", "geometry": {"type": "Polygon", "coordinates": [[[35.11296693797385, 32.171372362944226], [35.10702970645582, 32.1660436217158], [35.10203493296581, 32.16873554440991], [35.097204026744464, 32.16657485034909], [35.09324034306741, 32.16818894456418], [35.08769476899846, 32.16744258640631], [35.08698788028647, 32.16258939048805], [35.08477010265818, 32.16204816049424], [35.08049037922768, 32.16298758151174], [35.08048517934759, 32.16682916603321], [35.07636093071244, 32.169723099841235], [35.077703853250284, 32.17268988952685], [35.08578648495836, 32.172562932233575], [35.08999266093258, 32.17656378668943], [35.096247710163766, 32.176798681514015], [35.10407964236168, 32.18282298719117], [35.10606092707019, 32.18275714962283], [35.10598342439556, 32.18113958132665], [35.109076085892696, 32.17918745353819], [35.10923963480138, 32.17433505262062], [35.11296693797385, 32.171372362944226]]]}, "properties": {"sid": "3640", "name": "קרני שומרון"}}, {"type": "Feature", "geometry": {"type": "Polygon", "coordinates": [[[35.29489548194101, 32.049811837446384], [35.289746393781115, 32.05009297900784], [35.28922624929203, 32.05150894088496], [35.295356108397755, 32.05422490875259], [35.29649971329121, 32.05708308641533], [35.303964196890206, 32.0576325892726], [35.30183861236213, 32.05102801223302], [35.29489548194101, 32.049811837446384]]]}, "properties": {"sid": "3641", "name": "שילה"}}, {"type": "Feature", "geometry": {"type": "Polygon", "coordinates": [[[35.03635393208833, 31.93111169115167], [35.03781447425865, 31.927015308010084], [35.031815676052645, 31.928636160630333], [35.03209145135946, 31.931792367323965], [35.03635393208833, 31.93111169115167]]]}, "properties": {"sid": "3648", "name": "מתתיהו"}}, {"type": "Feature", "geometry": {"type": "Polygon", "coordinates": [[[35.14626054069146, 31.648250097164293], [35.14354763681405, 31.645842005903887], [35.141803582469436, 31.646569993610342], [35.14388169718262, 31.650113435786466], [35.14625967194638, 31.650325256705287], [35.14426318150066, 31.652694577292948], [35.145612785102, 31.65575547113815], [35.150594281900624, 31.658914975645644], [35.15182279898306, 31.662849267679633], [35.16046189070374, 31.669062757440372], [35.163585226277235, 31.674142732701], [35.17064837841997, 31.676844657654897], [35.17058805189714, 31.670803388965282], [35.16190025739104, 31.66772668773649], [35.15532204757449, 31.660523637056258], [35.153706301304794, 31.65376355734236], [35.154877924576624, 31.649898432166935], [35.15185789772386, 31.650418370711293], [35.151048118475956, 31.649308851922058], [35.15254378366876, 31.647668503798457], [35.14626054069146, 31.648250097164293]]]}, "properties": {"sid": "3650", "name": "אפרת"}}, {"type": "Feature", "geometry": {"type": "MultiPolygon", "coordinates": [[[[35.30777496074592, 31.87479836055593], [35.306927391086276, 31.876678771907848], [35.30362035459575, 31.874103489484526], [35.30335430006096, 31.876304534326835], [35.30550761608367, 31.878111350558413], [35.30117138285311, 31.87942229590226], [35.30346971095844, 31.880360386822417], [35.303409060679655, 31.88250867113834], [35.30651938845904, 31.88620190079712], [35.308678200238774, 31.88351571397908], [35.30649421463636, 31.883392385450293], [35.30564210519907, 31.88121796323844], [35.307830211495116, 31.88026481496928], [35.30984545640274, 31.875967218412427], [35.30897922760931, 31.874028044458726], [35.30777496074592, 31.87479836055593]]], [[[35.31376324857513, 31.879696090002597], [35.31358478980627, 31.882487956154307], [35.314240105096815, 31.883293894397752], [35.3156558205597, 31.88155559301623], [35.31376324857513, 31.879696090002597]]]]}, "properties": {"sid": "3651", "name": "מעלה מכמש"}}, {"type": "Feature", "geometry": {"type": "MultiPolygon", "coordinates": [[[[35.044272866499625, 32.021157752628255], [35.04861920900936, 32.02245742227228], [35.04888043508407, 32.01870423121534], [35.041549433359705, 32.014919649322394], [35.04003315390696, 32.018223602037665], [35.044272866499625, 32.021157752628255]]], [[[35.04434586896673, 32.04015587779156], [35.04488275703369, 32.043917368691666], [35.04355831106727, 32.045488616506475], [35.04888896425433, 32.04487701096531], [35.05478892696743, 32.0380813711584], [35.052731860886695, 32.034395502450536], [35.06171208524461, 32.03308891701994], [35.062124131223754, 32.03016752061461], [35.054824459181475, 32.02914658864421], [35.05003374006509, 32.03061624814137], [35.04407779365533, 32.038072632446074], [35.04434586896673, 32.04015587779156]]]]}, "properties": {"sid": "3652", "name": "בית אריה"}}, {"type": "Feature", "geometry": {"type": "Polygon", "coordinates": [[[35.1076477241632, 32.11270651289533], [35.11234702629429, 32.111089641573756], [35.11185116260111, 32.112894266157525], [35.11527952932687, 32.1139213971548], [35.12626530659867, 32.10877429739594], [35.12648577629761, 32.106911409334145], [35.125174300353706, 32.10479918423499], [35.1230611849258, 32.10496397960401], [35.11877380556672, 32.09900353568469], [35.10865783908804, 32.09646629008728], [35.10967509642859, 32.10041044138882], [35.115576307400715, 32.10369313323156], [35.11481352672291, 32.105444327293924], [35.11904294477614, 32.107838131025005], [35.11229642324139, 32.10801981656135], [35.10963234355785, 32.10649626788853], [35.10879624025432, 32.10367007011769], [35.10243463305193, 32.10346924610889], [35.10209409756459, 32.10859851680817], [35.10363401030139, 32.10882772971598], [35.104082638902696, 32.11172987343497], [35.10261524839507, 32.1154765129308], [35.104142504073366, 32.11697694632909], [35.106204054173816, 32.11621480776722], [35.105207858955566, 32.115365421477065], [35.1076477241632, 32.11270651289533]]]}, "properties": {"sid": "3654", "name": "ברקן"}}, {"type": "Feature", "geometry": {"type": "Polygon", "coordinates": [[[35.04584962086335, 31.96542775378788], [35.047177634440345, 31.967447507896225], [35.05309677969268, 31.96631375327712], [35.0481241214311, 31.962829791361855], [35.04533069765364, 31.957533791751132], [35.042938322045984, 31.959728435219176], [35.04584962086335, 31.96542775378788]]]}, "properties": {"sid": "3655", "name": "ניל\"י"}}, {"type": "Feature", "geometry": {"type": "Polygon", "coordinates": [[[35.14040868721122, 32.15857681067132], [35.13386061817306, 32.15960209266251], [35.12923276088327, 32.15818044257344], [35.12839769539738, 32.15942156005701], [35.13589930390981, 32.16595322096441], [35.13888128674205, 32.16520137334476], [35.14489724041539, 32.16722066160429], [35.14734525617871, 32.159870011491876], [35.139945387969306, 32.15592690520259], [35.14040868721122, 32.15857681067132]]]}, "properties": {"sid": "3660", "name": "עמנואל"}}, {"type": "Feature", "geometry": {"type": "Polygon", "coordinates": [[[34.920604383185776, 31.8794134070032], [34.92230484469286, 31.877745691610414], [34.92316964086626, 31.879136307894328], [34.926007432696906, 31.87807446036811], [34.92582879316433, 31.876828986568512], [34.92309777514225, 31.872721710838334], [34.918911806934375, 31.87237809697166], [34.91593129988962, 31.878576839649497], [34.91685301415532, 31.87987418094872], [34.920604383185776, 31.8794134070032]]]}, "properties": {"sid": "370", "name": "גזר"}}, {"type": "Feature", "geometry": {"type": "Polygon", "coordinates": [[[35.03307549403888, 31.847015648653326], [35.03176893648725, 31.85046188400878], [35.029850614214524, 31.850397778534727], [35.030026295876894, 31.85211249429625], [35.03489473350521, 31.85261533942645], [35.039557219190385, 31.85016540900648], [35.03783124031952, 31.84707656333279], [35.03307549403888, 31.847015648653326]]]}, "properties": {"sid": "3709", "name": "מבוא חורון"}}, {"type": "Feature", "geometry": {"type": "Polygon", "coordinates": [[[35.26662011692491, 32.195187138275855], [35.269435436496224, 32.194860066538865], [35.2686099182132, 32.18978827420955], [35.26318070112853, 32.19039315192248], [35.26101869765483, 32.19620813140017], [35.26662011692491, 32.195187138275855]]]}, "properties": {"sid": "3710", "name": "ברכה"}}, {"type": "Feature", "geometry": {"type": "Polygon", "coordinates": [[[35.3000212380897, 31.832758022664677], [35.298954787833225, 31.830687663704794], [35.30013426488449, 31.82972629203482], [35.29629922023287, 31.827717473682526], [35.29235632978083, 31.827785013667494], [35.29406779809045, 31.82565456110916], [35.29352146804138, 31.824033663522812], [35.28794584402556, 31.824171303862613], [35.288692093365455, 31.827059625901086], [35.292716204289434, 31.829103230030114], [35.29081091139449, 31.831942950007203], [35.3000212380897, 31.832758022664677]]]}, "properties": {"sid": "3715", "name": "עלמון"}}, {"type": "Feature", "geometry": {"type": "Polygon", "coordinates": [[[35.028133968507916, 32.11706364996752], [35.02361949774166, 32.11974575206483], [35.02121441651218, 32.1249024305028], [35.01756952001739, 32.12567763531467], [35.016871994147266, 32.13038140617698], [35.02048001753883, 32.12982899221424], [35.01996130746841, 32.127242176885034], [35.024906189269245, 32.126186901604285], [35.0285040898919, 32.12333004054898], [35.035264401630855, 32.122798766050266], [35.03442393391748, 32.11841648123567], [35.0307029745627, 32.119191954944824], [35.0292296278451, 32.117870326554396], [35.03090593895797, 32.11725227557213], [35.02999144804693, 32.115318363551694], [35.028133968507916, 32.11706364996752]]]}, "properties": {"sid": "3720", "name": "שערי תקווה"}}, {"type": "Feature", "geometry": {"type": "Polygon", "coordinates": [[[35.13975893962339, 31.678021977232504], [35.13969158220078, 31.681734072869233], [35.142672740354726, 31.68057205975282], [35.14487377620384, 31.683454163878594], [35.14740461323237, 31.677028327995004], [35.14267688173277, 31.674311278242953], [35.139530755539965, 31.67441176129381], [35.13975893962339, 31.678021977232504]]]}, "properties": {"sid": "3725", "name": "נווה דניאל"}}, {"type": "Feature", "geometry": {"type": "Polygon", "coordinates": [[[35.06597877030407, 32.070214281863684], [35.0581177846081, 32.07089614873831], [35.06320245612852, 32.07487943583732], [35.06597277812125, 32.07419178632193], [35.068538733675666, 32.070159105758194], [35.075749747852626, 32.07174867995769], [35.07314532020041, 32.06924771301158], [35.06788634298039, 32.06782252948619], [35.06597877030407, 32.070214281863684]]]}, "properties": {"sid": "3727", "name": "עלי זהב"}}, {"type": "Feature", "geometry": {"type": "MultiPolygon", "coordinates": [[[[35.1752649537147, 31.835411714279246], [35.173046749807725, 31.832558288634175], [35.169966456686666, 31.831665977702755], [35.166335132760196, 31.83772732015973], [35.17014672399216, 31.838397055179996], [35.1752649537147, 31.835411714279246]]], [[[35.16058839204072, 31.86020165778035], [35.15751414865906, 31.859723496342326], [35.154159165713, 31.861596469401604], [35.15128480744795, 31.860675197602347], [35.145213212719625, 31.86452328781951], [35.142185546126086, 31.863613520147908], [35.141629355010764, 31.864908698577608], [35.1474484264038, 31.865955570593144], [35.14830839501644, 31.867845520154674], [35.15136151961849, 31.866161729380337], [35.15567379760773, 31.866674615441184], [35.15447751942202, 31.86360716014235], [35.15579608112432, 31.861937884425856], [35.15645834997292, 31.864239650639433], [35.1621294882853, 31.863996637634784], [35.16673867295145, 31.866648433478474], [35.17791272149498, 31.865694939869627], [35.180265229256975, 31.863188907941776], [35.17812568635139, 31.862674586562946], [35.17836286455463, 31.85961750584329], [35.166808254397495, 31.852959513570738], [35.165495386303064, 31.853860790742942], [35.165304008773035, 31.8522213419414], [35.162708220907746, 31.85853217701839], [35.16965484699364, 31.85951790053076], [35.17007048756301, 31.86099347576834], [35.16866229492899, 31.85981818955787], [35.161350254510694, 31.861251868978627], [35.16058839204072, 31.86020165778035]]]]}, "properties": {"sid": "3730", "name": "גבעת זאב"}}, {"type": "Feature", "geometry": {"type": "Polygon", "coordinates": [[[35.03393179521623, 32.38859040292482], [35.04163393545781, 32.38757815930467], [35.038747939066184, 32.38183312819638], [35.03018256297497, 32.38343615625365], [35.02763002980208, 32.38576364397704], [35.02738026109023, 32.387677972360564], [35.03393179521623, 32.38859040292482]]]}, "properties": {"sid": "375", "name": "מגל"}}, {"type": "Feature", "geometry": {"type": "Polygon", "coordinates": [[[35.014618553903176, 32.18049698964438], [35.01955939594944, 32.17947957042588], [35.01976300695725, 32.1757686699882], [35.02431936454707, 32.17064514685609], [35.021796738328874, 32.16736470691575], [35.02385854113879, 32.16571675322564], [35.028298564227384, 32.16597314904163], [35.02627432430069, 32.16346891755654], [35.01295106693823, 32.164450022150845], [35.004591113089475, 32.16828923426078], [35.00216273492231, 32.17593961941793], [35.00431162448194, 32.175067546829894], [35.00705682211469, 32.17828040901372], [35.01468233562133, 32.17525457074191], [35.015747886555744, 32.17617816009408], [35.01067862132135, 32.179523517596294], [35.01252727941045, 32.18107884201498], [35.014618553903176, 32.18049698964438]]]}, "properties": {"sid": "3750", "name": "אלפי מנשה"}}, {"type": "Feature", "geometry": {"type": "Polygon", "coordinates": [[[34.99872051234183, 32.134023247674804], [35.003681556758465, 32.135101609451795], [35.00874602141181, 32.13159972764538], [35.00756181302728, 32.12927321208912], [34.99737714194163, 32.12982426807554], [34.99612080972764, 32.12768618117235], [34.99387556410608, 32.12783947780969], [34.99280522338239, 32.12524699765089], [34.99591381816822, 32.124048395617024], [34.995121409325634, 32.12093302443958], [34.989734835394415, 32.123226843344185], [34.990038550838506, 32.12484981926377], [34.985430106314425, 32.12308863103556], [34.98415758720296, 32.12797996540314], [34.98504110816066, 32.13143575965262], [34.98784104302979, 32.13370830599359], [34.98728716497072, 32.13794930012017], [34.98946155210899, 32.13841576947226], [34.99354837635656, 32.1350290818267], [34.99872051234183, 32.134023247674804]]]}, "properties": {"sid": "3760", "name": "אורנית"}}, {"type": "Feature", "geometry": {"type": "Polygon", "coordinates": [[[35.267107668184394, 31.85074836304659], [35.26638031539926, 31.852681596978186], [35.26818978463092, 31.853083539973454], [35.283396986781554, 31.852470748226494], [35.283444559119175, 31.846763849272293], [35.27033472616671, 31.845898507210393], [35.26936519764581, 31.84668229695052], [35.271490215601034, 31.84939425204317], [35.267107668184394, 31.85074836304659]]]}, "properties": {"sid": "3763", "name": "גבע בנימין"}}, {"type": "Feature", "geometry": {"type": "Polygon", "coordinates": [[[35.26399970831994, 32.07642345487858], [35.268676564272084, 32.08011402794011], [35.27267170803293, 32.079431554922394], [35.27192749295949, 32.08165454052465], [35.27395360347606, 32.0837853150403], [35.271665265039985, 32.087324545691274], [35.27198667824268, 32.089683037542216], [35.27704882804102, 32.090269900035935], [35.27539356825861, 32.08568959080202], [35.27624137803724, 32.0797470919548], [35.283752110171804, 32.07851791836731], [35.28593482862948, 32.0767928927778], [35.28859018578851, 32.06771935566377], [35.28411460080821, 32.06649755651705], [35.279535862689954, 32.06926725527967], [35.27905743775062, 32.07049223173118], [35.281616330029635, 32.07280400649978], [35.274052557679454, 32.07376093012289], [35.26947398593575, 32.06870659093647], [35.25515192622049, 32.065627464236115], [35.252052794101246, 32.06678114693244], [35.252141579670194, 32.06960654700458], [35.262271765329785, 32.071275279530596], [35.26399970831994, 32.07642345487858]]]}, "properties": {"sid": "3765", "name": "עלי"}}, {"type": "Feature", "geometry": {"type": "Polygon", "coordinates": [[[35.12961250411382, 31.83159978130493], [35.13294249040365, 31.83224374265467], [35.13412384344065, 31.83052667336733], [35.1341274146485, 31.82811694803877], [35.13164453846474, 31.826316970252037], [35.132458368259165, 31.82551428395709], [35.13612913285323, 31.827434600026834], [35.13405634662314, 31.820915393830433], [35.12830743134293, 31.820128266706206], [35.12464161391938, 31.82352530195118], [35.12389504082353, 31.831851212863228], [35.1259943381682, 31.833003994438855], [35.12961250411382, 31.83159978130493]]]}, "properties": {"sid": "3769", "name": "הר אדר"}}, {"type": "Feature", "geometry": {"type": "Polygon", "coordinates": [[[35.020430783254085, 31.926049848921423], [35.021802532660786, 31.928935646562877], [35.018876064079166, 31.931154735402743], [35.020806695372755, 31.93167767678341], [35.0210936051858, 31.93464030530589], [35.02839902389587, 31.935263509403512], [35.02824422808868, 31.932686963432673], [35.025370315887415, 31.92998424347809], [35.02538199178554, 31.926270500283408], [35.020430783254085, 31.926049848921423]]]}, "properties": {"sid": "3770", "name": "חשמונאים"}}, {"type": "Feature", "geometry": {"type": "Polygon", "coordinates": [[[35.04406594418805, 32.1208322751894], [35.04903179458171, 32.12311829247528], [35.050867336058786, 32.12198957136167], [35.050062566034626, 32.120385206012486], [35.05135220464058, 32.11873327641962], [35.04754756966469, 32.11687658288804], [35.04278638608292, 32.11860916458136], [35.04176998129964, 32.12057219934758], [35.04406594418805, 32.1208322751894]]]}, "properties": {"sid": "3778", "name": "עץ אפרים"}}, {"type": "Feature", "geometry": {"type": "Polygon", "coordinates": [[[35.23814842540958, 31.884916133772606], [35.24643325349189, 31.884103642169407], [35.25160898136943, 31.879241730921194], [35.25117644703545, 31.87718003153327], [35.24871584076351, 31.874787673912067], [35.2430852699693, 31.877198076430147], [35.24267742202545, 31.88012838601628], [35.24129660745251, 31.88009197516459], [35.240207506871, 31.87618244596314], [35.234939495961044, 31.8765417341138], [35.23607467240828, 31.877718563560904], [35.23501597520715, 31.879505237676653], [35.23764189755559, 31.87992691539489], [35.23599094372713, 31.884895169676383], [35.23814842540958, 31.884916133772606]]]}, "properties": {"sid": "3779", "name": "כוכב יעקב"}}, {"type": "Feature", "geometry": {"type": "Polygon", "coordinates": [[[35.122833864191534, 31.70584176548516], [35.1238721009168, 31.703418268838107], [35.12630438394024, 31.7056549735982], [35.13242206082947, 31.703097202773733], [35.127056768455134, 31.694957928165877], [35.11464757392645, 31.690306255029725], [35.11172306766548, 31.690540560798297], [35.1103590704148, 31.68833401120571], [35.104240188434005, 31.688726236126968], [35.10356129651666, 31.692189462373847], [35.098514120430366, 31.691149594278386], [35.09278845172571, 31.698645403062926], [35.105786042092234, 31.70330407562267], [35.106124836492086, 31.702185827114306], [35.110765958782, 31.703343909294006], [35.110596029183455, 31.70446228640543], [35.11485678231469, 31.706341540329902], [35.11530551074077, 31.708763664611467], [35.1221616587336, 31.709982942059185], [35.12506361359493, 31.707176196624232], [35.122833864191534, 31.70584176548516]]]}, "properties": {"sid": "3780", "name": "ביתר עילית"}}, {"type": "Feature", "geometry": {"type": "MultiPolygon", "coordinates": [[[[35.302779015439285, 31.745799167397706], [35.301066147784525, 31.7449610738945], [35.30025783982751, 31.745841060516568], [35.30124931270569, 31.74738000288488], [35.302779015439285, 31.745799167397706]]], [[[35.31494960274205, 31.751443830568405], [35.31041967083121, 31.751136404521503], [35.30524430538043, 31.75303662164282], [35.305500306394094, 31.75576401899434], [35.31206708312942, 31.756812336220378], [35.315454683586836, 31.75369712602162], [35.31494960274205, 31.751443830568405]]]]}, "properties": {"sid": "3781", "name": "קדר"}}, {"type": "Feature", "geometry": {"type": "Polygon", "coordinates": [[[35.06043068262994, 31.958766995200733], [35.056954357757434, 31.958321848774347], [35.05637018423664, 31.962788417151785], [35.06404729994301, 31.964176182584822], [35.06393754128453, 31.967318372444993], [35.06555809802785, 31.968260374516717], [35.07226065980166, 31.965654266930926], [35.071827343956784, 31.96244600118206], [35.06043068262994, 31.958766995200733]]]}, "properties": {"sid": "3787", "name": "נעלה"}}, {"type": "Feature", "geometry": {"type": "Polygon", "coordinates": [[[35.13415161360615, 31.938529904631423], [35.129517990762736, 31.93810208634227], [35.128451291394015, 31.939426970278532], [35.134804533102795, 31.941314684125416], [35.13701026701028, 31.938568861463864], [35.14337461354762, 31.936048415202265], [35.14327477441134, 31.934702625625732], [35.13645500399531, 31.935310934252243], [35.136496843154816, 31.93719620194321], [35.13415161360615, 31.938529904631423]]]}, "properties": {"sid": "3788", "name": "טלמון"}}, {"type": "Feature", "geometry": {"type": "Polygon", "coordinates": [[[35.1083527503792, 32.150150389728765], [35.10325747135528, 32.15347966465487], [35.099422332274855, 32.152376818835194], [35.0969575252696, 32.15624151143663], [35.100207852310575, 32.15833724566738], [35.10417111510492, 32.1569214492655], [35.1083527503792, 32.150150389728765]]]}, "properties": {"sid": "3790", "name": "נופים"}}, {"type": "Feature", "geometry": {"type": "Polygon", "coordinates": [[[35.01206745604833, 32.19504224220577], [35.008151796168534, 32.19436550866135], [35.00786051834831, 32.19707528109939], [35.005548206684466, 32.19897682472072], [35.00625117705022, 32.201569814795164], [35.00916583933207, 32.201562980846916], [35.01057463001524, 32.19922334957795], [35.014433289964416, 32.200374819042736], [35.014328164613175, 32.19695080593499], [35.01206745604833, 32.19504224220577]]]}, "properties": {"sid": "3791", "name": "צופים"}}, {"type": "Feature", "geometry": {"type": "Polygon", "coordinates": [[[35.07263095565412, 32.2809561356172], [35.06805407463588, 32.28483445744433], [35.06843126109385, 32.29167978659291], [35.07703731442058, 32.28793721563005], [35.07541393200739, 32.28530290800285], [35.07634913340581, 32.28142067592353], [35.07263095565412, 32.2809561356172]]]}, "properties": {"sid": "3793", "name": "אבני חפץ"}}, {"type": "Feature", "geometry": {"type": "Polygon", "coordinates": [[[35.1292584041521, 32.12268572576568], [35.13260988423883, 32.11909699373132], [35.1322102489039, 32.11630402051418], [35.12872867468866, 32.11533307466169], [35.12477642769005, 32.11664153158148], [35.124304064181274, 32.12074486018719], [35.1292584041521, 32.12268572576568]]]}, "properties": {"sid": "3795", "name": "רבבה"}}, {"type": "Feature", "geometry": {"type": "Polygon", "coordinates": [[[35.040968407466096, 31.92123846788104], [35.0419748621502, 31.919808121347785], [35.03962637615638, 31.916649063803277], [35.036446622513665, 31.91534249186259], [35.032076408399575, 31.922703205388643], [35.03514783060797, 31.923769093568865], [35.040968407466096, 31.92123846788104]]]}, "properties": {"sid": "3796", "name": "כפר האורנים"}}, {"type": "Feature", "geometry": {"type": "MultiPolygon", "coordinates": [[[[35.019533665446374, 31.93024469973318], [35.021802532660786, 31.928935646562877], [35.020430783254085, 31.926049848921423], [35.013096293958824, 31.925720384987812], [35.01190074242538, 31.92951778941449], [35.013107518397305, 31.931397153955515], [35.01779843884691, 31.932099245683673], [35.019533665446374, 31.93024469973318]]], [[[35.03774282796917, 31.928511139577495], [35.03706207265657, 31.93346775213513], [35.033471045552346, 31.93493336018645], [35.03383915245496, 31.93919817555542], [35.037830318514466, 31.942278340073415], [35.04646568524322, 31.943318506743765], [35.04947999600506, 31.939635027534564], [35.048318782385934, 31.937036539005135], [35.05162399415207, 31.93915668533282], [35.0591527397072, 31.93358663081841], [35.04754869201855, 31.925557183217506], [35.05352351879543, 31.92719961237225], [35.05679997024248, 31.923644509586495], [35.05334576419574, 31.920947187362856], [35.04477346872068, 31.921642085413964], [35.03799904482014, 31.925929784931668], [35.03774282796917, 31.928511139577495]]]]}, "properties": {"sid": "3797", "name": "מודיעין עילית"}}, {"type": "Feature", "geometry": {"type": "MultiPolygon", "coordinates": [[[[35.65073993509998, 33.14250121395992], [35.653085806764636, 33.14106992133986], [35.65300031271431, 33.13871940737482], [35.650284720763295, 33.13613693127439], [35.64508565817664, 33.13581427880598], [35.643866194569284, 33.143894251218796], [35.64821380512308, 33.144660004155924], [35.65073993509998, 33.14250121395992]]], [[[35.62239711643383, 33.14920144918756], [35.620808819271645, 33.14924255450035], [35.621212872076455, 33.15070869315173], [35.62321222146687, 33.15060653646253], [35.62239711643383, 33.14920144918756]]]]}, "properties": {"sid": "380", "name": "להבות הבשן"}}, {"type": "Feature", "geometry": {"type": "Polygon", "coordinates": [[[35.53931967216516, 32.92597826088809], [35.53941991149975, 32.930937440110824], [35.543775762541486, 32.93033124758904], [35.543366638459645, 32.925686001907536], [35.53931967216516, 32.92597826088809]]]}, "properties": {"sid": "385", "name": "עמיעד"}}, {"type": "Feature", "geometry": {"type": "Polygon", "coordinates": [[[34.89220145743138, 32.2586618188879], [34.893426145200465, 32.265311193856576], [34.90532674433382, 32.26359526311097], [34.905486829953304, 32.260032660878665], [34.89220145743138, 32.2586618188879]]]}, "properties": {"sid": "386", "name": "בני דרור"}}, {"type": "Feature", "geometry": {"type": "Polygon", "coordinates": [[[34.71487838482966, 31.36586146293621], [34.715788391720935, 31.368859661444276], [34.71983030022824, 31.369964543329047], [34.72385389044473, 31.363383461977264], [34.722981703642745, 31.358944706033412], [34.71941285022291, 31.358522677579572], [34.714158878629405, 31.361703267591793], [34.71152536510357, 31.360369818512368], [34.711415063254606, 31.364454637271763], [34.71284398795973, 31.366196714007174], [34.71487838482966, 31.36586146293621]]]}, "properties": {"sid": "395", "name": "משמר הנגב"}}, {"type": "Feature", "geometry": {"type": "Polygon", "coordinates": [[[34.77002486485566, 31.571333796717397], [34.76081165043735, 31.572967814513106], [34.76008240727731, 31.57757159065642], [34.76591496850102, 31.578971131812352], [34.76593216533723, 31.577334108482376], [34.77250387305537, 31.573916796223216], [34.772346000667426, 31.572045584036516], [34.77002486485566, 31.571333796717397]]]}, "properties": {"sid": "400", "name": "אבן שמואל"}}, {"type": "Feature", "geometry": {"type": "Polygon", "coordinates": [[[35.031147478873095, 32.78454499975197], [35.02623224142485, 32.779813001868604], [35.03021552042998, 32.77739676185115], [35.02861071711095, 32.77249619234544], [35.02146940488916, 32.77111693180103], [35.01481287131702, 32.77245250148184], [35.01319869436429, 32.77041633744409], [35.01712922363481, 32.76930893296094], [35.01646224593594, 32.76680972778678], [35.027091886281596, 32.76627812953211], [35.02847747085866, 32.75681325602699], [35.023161612418505, 32.75559384278165], [35.0148794319403, 32.75843445848352], [35.012598610937175, 32.7630498403779], [35.01085108251152, 32.7624750377928], [35.008406801632646, 32.76551828244283], [34.99888113305792, 32.76376676822184], [34.99180282913733, 32.75777651537396], [34.98753194694183, 32.76013020844243], [34.98176654169259, 32.759780584406485], [34.982003802633415, 32.76208725911977], [34.978375015694496, 32.76214336062765], [34.979187486613284, 32.76330519657762], [34.97661532483744, 32.76749632779337], [34.978196071291734, 32.771186492562606], [34.96388592039898, 32.77367702467501], [34.963009469911185, 32.7850672630438], [34.95597926263292, 32.784353278680896], [34.955044688061946, 32.78570518994263], [34.95590723233295, 32.80690319892352], [34.95425738826793, 32.81372582288844], [34.95465141453121, 32.82495341886522], [34.96495280952462, 32.831230615700406], [34.982928515238825, 32.8363305523132], [35.01817518373781, 32.820675712614104], [35.01972776792218, 32.81524578776293], [35.02231931998068, 32.817974783209706], [35.02675561178211, 32.81576572810593], [35.04128850316192, 32.82295446067985], [35.05633811890914, 32.840179037332746], [35.06463027376816, 32.834505170477314], [35.069731129488105, 32.8423676562424], [35.07545416677641, 32.84046820084683], [35.069237578851244, 32.83177480985967], [35.071772721833725, 32.83132566684611], [35.07534273178169, 32.82439683834349], [35.07975720153365, 32.823003267786646], [35.078785549713416, 32.81857432254702], [35.07233999889189, 32.81283061164345], [35.07481287641315, 32.81088715331953], [35.06923118736944, 32.80746273281892], [35.05519042839563, 32.80472923356734], [35.04888125796373, 32.79841899833815], [35.049213552063804, 32.79619466735005], [35.03812232028889, 32.78320808648408], [35.031147478873095, 32.78454499975197]]]}, "properties": {"sid": "4000", "name": "חיפה"}}, {"type": "Feature", "geometry": {"type": "Polygon", "coordinates": [[[35.69327937424379, 32.800393404132365], [35.694020925525365, 32.79636950634767], [35.6912796579299, 32.79399107832563], [35.69051158204394, 32.79544441332905], [35.6863671058573, 32.795187251290656], [35.68423389058165, 32.79829467785714], [35.68523958264069, 32.800626474232445], [35.68844469446714, 32.800069347822216], [35.690487534172405, 32.80268681024813], [35.69327937424379, 32.800393404132365]]]}, "properties": {"sid": "4015", "name": "בני יהודה"}}, {"type": "Feature", "geometry": {"type": "Polygon", "coordinates": [[[35.08305937808785, 31.808596986761586], [35.08771382653191, 31.807152580227466], [35.08748488881662, 31.80524264233412], [35.07455157389609, 31.808171530991387], [35.07929824062137, 31.81155465462365], [35.08305937808785, 31.808596986761586]]]}, "properties": {"sid": "405", "name": "נווה אילן"}}, {"type": "Feature", "geometry": {"type": "Polygon", "coordinates": [[[35.34764041327452, 32.64928403762826], [35.35410439750001, 32.64818148139028], [35.3513300267594, 32.64383038866157], [35.34530112554654, 32.64046498976751], [35.34538930767047, 32.64221584388616], [35.34909543001015, 32.64458906753151], [35.34596892522575, 32.64858448108896], [35.34764041327452, 32.64928403762826]]]}, "properties": {"sid": "407", "name": "דברת"}}, {"type": "Feature", "geometry": {"type": "Polygon", "coordinates": [[[35.60099322295895, 33.157889433450634], [35.59336216872913, 33.15685004829112], [35.59241935007299, 33.160411902287535], [35.593875591685276, 33.16238645017461], [35.59908936178465, 33.16312155331707], [35.60099322295895, 33.157889433450634]]]}, "properties": {"sid": "408", "name": "נאות מרדכי"}}, {"type": "Feature", "geometry": {"type": "Polygon", "coordinates": [[[34.919406531186496, 32.410011022890444], [34.92098167936109, 32.41179723565398], [34.93299078169929, 32.4097677742634], [34.92957038746346, 32.40427885118811], [34.92422573902667, 32.4049292894552], [34.921318016813075, 32.403340254848956], [34.9195241004569, 32.403780306615886], [34.91969506337654, 32.405916917731645], [34.916844235872816, 32.40653769096173], [34.91722104101831, 32.409176480810004], [34.919406531186496, 32.410011022890444]]]}, "properties": {"sid": "41", "name": "אליכין"}}, {"type": "Feature", "geometry": {"type": "Polygon", "coordinates": [[[35.67686829283747, 32.99552383565657], [35.68299219753192, 33.00127425010663], [35.68487685997917, 33.00128007321683], [35.69355509649057, 32.9926190991921], [35.6978646567286, 32.992543558838236], [35.70202237093571, 32.99018376746693], [35.70633314256054, 32.9903422702796], [35.708585191553425, 32.995195515660555], [35.711431338985165, 32.99448100339566], [35.712763491242185, 32.9959273164925], [35.71624580919678, 32.99302171038369], [35.71473336894985, 32.98843357614868], [35.71785645091455, 32.986530690738846], [35.71276688348496, 32.983549975051346], [35.703603677667616, 32.98707258533159], [35.69855066588059, 32.98493828817152], [35.691986795754076, 32.98553676451013], [35.68373041862395, 32.98838068881781], [35.67872811960706, 32.99367436458033], [35.675790675699204, 32.990442593251146], [35.67391200813273, 32.99276850716092], [35.67686829283747, 32.99552383565657]]]}, "properties": {"sid": "4100", "name": "קצרין"}}, {"type": "Feature", "geometry": {"type": "Polygon", "coordinates": [[[34.84361638428874, 32.25321938266842], [34.84644907066814, 32.24848271550496], [34.846225850842416, 32.2447979772449], [34.84142316984344, 32.24311630976996], [34.84078881685048, 32.24539196236924], [34.837347266063546, 32.2459893397363], [34.835373300937135, 32.248147182946184], [34.838952155717436, 32.24865585568324], [34.84361638428874, 32.25321938266842]]]}, "properties": {"sid": "417", "name": "יקום"}}, {"type": "Feature", "geometry": {"type": "Polygon", "coordinates": [[[34.860998544647146, 32.22276488119434], [34.86253020790281, 32.225302912799236], [34.882271358336595, 32.22550703552133], [34.883093406135856, 32.218913995884236], [34.874962914307105, 32.221241870316135], [34.87156697983232, 32.21230586922053], [34.86576661973379, 32.21227044042854], [34.86137106542236, 32.214282663614085], [34.86210495448012, 32.21864470918604], [34.854919472056054, 32.218253109293585], [34.85546615823665, 32.21995203745661], [34.86045094655401, 32.22060173018576], [34.860998544647146, 32.22276488119434]]]}, "properties": {"sid": "418", "name": "בני ציון"}}, {"type": "Feature", "geometry": {"type": "Polygon", "coordinates": [[[34.916844235872816, 32.40653769096173], [34.91969506337654, 32.405916917731645], [34.91825354456546, 32.40239046105097], [34.923911387300734, 32.400499843293176], [34.9249437991171, 32.40149041145338], [34.92594264104008, 32.39936966707654], [34.9220631572889, 32.39826296136664], [34.91265373508185, 32.400571161330106], [34.90737530642531, 32.39735820651606], [34.90325266307997, 32.39829261741039], [34.90583811233904, 32.399250442154255], [34.905356291559656, 32.40144545794158], [34.908029738581604, 32.40414350861607], [34.91393954167654, 32.40223419844955], [34.916844235872816, 32.40653769096173]]]}, "properties": {"sid": "422", "name": "חרב לאת"}}, {"type": "Feature", "geometry": {"type": "Polygon", "coordinates": [[[34.921870759927685, 32.365452536505416], [34.92660820320606, 32.365297514069084], [34.92758189019213, 32.36038137460082], [34.922478453417966, 32.35819366400642], [34.919983834786194, 32.362941498051725], [34.92036713033883, 32.36511807503916], [34.921870759927685, 32.365452536505416]]]}, "properties": {"sid": "423", "name": "העוגן"}}, {"type": "Feature", "geometry": {"type": "Polygon", "coordinates": [[[34.94878599387857, 32.676471720293705], [34.94798965859593, 32.679197364866525], [34.95081208461005, 32.68068228136224], [34.951568076305705, 32.67904309606206], [34.95556137195979, 32.67964488280512], [34.95744245960191, 32.67668284153996], [34.96185713799656, 32.67706217288105], [34.958312410689246, 32.676406511351445], [34.95849793723005, 32.67414042843808], [34.953966053790396, 32.67476548154178], [34.95326465723821, 32.67265771618071], [34.94878599387857, 32.676471720293705]]]}, "properties": {"sid": "426", "name": "עין כרמל"}}, {"type": "Feature", "geometry": {"type": "Polygon", "coordinates": [[[35.57822705533437, 33.28363832295031], [35.580625799940776, 33.284257221093924], [35.58365792717166, 33.28006059681911], [35.58388986682394, 33.274533781708726], [35.582008468016454, 33.27048702855359], [35.57846033407719, 33.271335470555584], [35.578187280118925, 33.27430544923715], [35.57506007925929, 33.278090993404646], [35.5733324339447, 33.275762885149106], [35.56858005472577, 33.275531290836454], [35.56851421445947, 33.277281417403515], [35.57254458916151, 33.27963349259164], [35.572778072050426, 33.28300987040922], [35.57538780300473, 33.286440575372296], [35.57731965287974, 33.28514537445949], [35.57610716801145, 33.28367537771658], [35.57822705533437, 33.28363832295031]]]}, "properties": {"sid": "43", "name": "מטולה"}}, {"type": "Feature", "geometry": {"type": "Polygon", "coordinates": [[[35.41855268056179, 32.659989337038326], [35.42457998817599, 32.65780014615984], [35.41595472892766, 32.651759422459406], [35.41228091922909, 32.65590968218612], [35.412600969059554, 32.65882449195681], [35.41571679259596, 32.65957422167304], [35.41426243596271, 32.66203965280778], [35.417620417248486, 32.66154729287331], [35.41855268056179, 32.659989337038326]]]}, "properties": {"sid": "436", "name": "עין דור"}}, {"type": "Feature", "geometry": {"type": "Polygon", "coordinates": [[[34.859027033770644, 31.81283457335695], [34.859200883514006, 31.81516241181589], [34.862514269218195, 31.818775505585165], [34.86763193056919, 31.819285456258854], [34.86947935658708, 31.817346344358384], [34.869756648150826, 31.812839063671902], [34.859027033770644, 31.81283457335695]]]}, "properties": {"sid": "440", "name": "יסודות"}}, {"type": "Feature", "geometry": {"type": "Polygon", "coordinates": [[[35.60419759734128, 32.97146317128835], [35.59659633315431, 32.97475731689673], [35.596100083652004, 32.98048049178135], [35.59767528758448, 32.980964749723455], [35.59959267726032, 32.97705920721671], [35.606621908774116, 32.97670707317292], [35.60817582395515, 32.97189726234882], [35.6052765805498, 32.97180569068013], [35.60609192839985, 32.9705777311774], [35.60419759734128, 32.97146317128835]]]}, "properties": {"sid": "443", "name": "כפר הנשיא"}}, {"type": "Feature", "geometry": {"type": "Polygon", "coordinates": [[[35.01921623713969, 32.52313489675811], [35.03650002245814, 32.52759657821957], [35.042262254899185, 32.522870264950825], [35.03339283780929, 32.5207682102847], [35.03094920983824, 32.52436805883889], [35.0294953370402, 32.52180701178423], [35.02492746363157, 32.52185527030451], [35.0250700808196, 32.519278084915754], [35.02336112971244, 32.519671156998356], [35.022410006716484, 32.52307663058207], [35.01921623713969, 32.52313489675811]]]}, "properties": {"sid": "444", "name": "רגבים"}}, {"type": "Feature", "geometry": {"type": "Polygon", "coordinates": [[[35.0553983120825, 32.5937158115355], [35.05311732560415, 32.592947127707816], [35.053978555066294, 32.59477731552073], [35.05115217383383, 32.59706034166152], [35.05550155155544, 32.60067865059932], [35.05916782763319, 32.601013973616034], [35.06399546841618, 32.59709821660948], [35.060928308994335, 32.59490029331391], [35.05893176369, 32.596658030843514], [35.05979911483735, 32.59477271818645], [35.0577224021672, 32.59291829274508], [35.0553983120825, 32.5937158115355]]]}, "properties": {"sid": "445", "name": "רמות מנשה"}}, {"type": "Feature", "geometry": {"type": "Polygon", "coordinates": [[[35.06807834284132, 31.795725091939516], [35.07016169520614, 31.794242291548585], [35.06721333262925, 31.792776666410077], [35.06098741783512, 31.79726852911938], [35.060494332147755, 31.799952352519085], [35.06454366006193, 31.801209574162556], [35.06557067954327, 31.799029867534387], [35.06897122214423, 31.797661033729753], [35.06807834284132, 31.795725091939516]]]}, "properties": {"sid": "456", "name": "שורש"}}, {"type": "Feature", "geometry": {"type": "Polygon", "coordinates": [[[35.44579157242316, 32.641824931975066], [35.44723147964913, 32.64307202095705], [35.45041206336606, 32.640803230184986], [35.45126711268716, 32.64161173869081], [35.45181112338469, 32.63812939555521], [35.44666663795505, 32.633417551478885], [35.44184834922197, 32.63305963929099], [35.44154299251517, 32.636402241270446], [35.44296453378627, 32.6364881633981], [35.442144584105336, 32.63759106677435], [35.44579157242316, 32.641824931975066]]]}, "properties": {"sid": "457", "name": "גזית"}}, {"type": "Feature", "geometry": {"type": "Polygon", "coordinates": [[[35.48760275676187, 32.71337644816458], [35.4861917546458, 32.718350243169255], [35.48721011455518, 32.720853597815335], [35.49563657147064, 32.72259965764812], [35.498649953232814, 32.71706880997766], [35.507459849592465, 32.71271988821235], [35.506661003402655, 32.711070910194394], [35.508371375438685, 32.70915149974195], [35.51270801965944, 32.71099869823138], [35.51157321733018, 32.707372520225704], [35.51294039458361, 32.706140982320505], [35.511790226437824, 32.70548247713464], [35.513888030907935, 32.701599595744824], [35.509607672556115, 32.69995668815068], [35.50701785978646, 32.694062524266144], [35.502512250040354, 32.69425019119342], [35.50605349966935, 32.697251255840854], [35.500761176487174, 32.700244151946094], [35.49965456880335, 32.70351046713438], [35.500997174779855, 32.7040312087733], [35.49739332154462, 32.70785305947118], [35.49316305812869, 32.70557271960536], [35.49194402529656, 32.707243293043575], [35.494147776198986, 32.7086784923186], [35.49303829248328, 32.710703828518945], [35.48760275676187, 32.71337644816458]]]}, "properties": {"sid": "46", "name": "יבנאל"}}, {"type": "Feature", "geometry": {"type": "Polygon", "coordinates": [[[34.821541541708825, 32.00113940236156], [34.82729962018135, 32.00505648047226], [34.83654054271193, 32.00672872934746], [34.83868432592095, 32.004836505400476], [34.834920492286926, 32.00253063468108], [34.837363239821684, 32.00132666909053], [34.835412692142086, 31.998468050759982], [34.830340233415086, 31.999013077691416], [34.83217542055928, 31.99171361609058], [34.83139090596558, 31.987006602272913], [34.821541541708825, 32.00113940236156]]]}, "properties": {"sid": "466", "name": "בית דגן"}}, {"type": "Feature", "geometry": {"type": "Polygon", "coordinates": [[[34.82709169512566, 31.866894846819775], [34.83001330287169, 31.8664401136204], [34.83097934112374, 31.864636038522406], [34.828882676994, 31.85692691054851], [34.83014344286562, 31.856632861017772], [34.82763821583103, 31.8524595948345], [34.81607038114322, 31.858723012257258], [34.80708709369446, 31.85975065496882], [34.81387679347927, 31.865542122570957], [34.81566880687001, 31.86179860911858], [34.81830988639217, 31.861642808768636], [34.818300835615105, 31.86381431537842], [34.81472357533278, 31.866665229217006], [34.81937307660627, 31.870752278295072], [34.8212905876905, 31.86824742268044], [34.82709169512566, 31.866894846819775]]]}, "properties": {"sid": "469", "name": "קריית עקרון"}}, {"type": "Feature", "geometry": {"type": "Polygon", "coordinates": [[[35.42813747236653, 32.69026352983809], [35.429763793764096, 32.690234098624785], [35.43114455797502, 32.68733361145706], [35.42538401176279, 32.685129187861776], [35.42616641025171, 32.68149817600005], [35.416801208608945, 32.67798715348442], [35.41559347036241, 32.679027006291335], [35.417722138665795, 32.68258755537141], [35.41517867605512, 32.68786760370699], [35.41666671409763, 32.6894253158257], [35.41412446467234, 32.69317696274669], [35.41722825438046, 32.698689520904736], [35.419771727783086, 32.697936610286376], [35.419182913760494, 32.69644232465362], [35.42161086205169, 32.694744360563845], [35.42194910606645, 32.690962046761115], [35.42813747236653, 32.69026352983809]]]}, "properties": {"sid": "47", "name": "כפר תבור"}}, {"type": "Feature", "geometry": {"type": "Polygon", "coordinates": [[[35.11406976760577, 31.809312628575015], [35.1146911541735, 31.806327673483395], [35.12219289308757, 31.801309221743224], [35.122074026095504, 31.799773596074658], [35.117353265241036, 31.79928360045784], [35.105391207338414, 31.801780423327898], [35.10595474591486, 31.805293954952106], [35.10292213934531, 31.806473076771113], [35.10153007875016, 31.80533047012517], [35.09701730950127, 31.809080118752547], [35.09835203202073, 31.810832165372176], [35.10304609020494, 31.807072942562286], [35.10495685007862, 31.808832289878353], [35.10400698433489, 31.810809480872877], [35.1089456958872, 31.81293328024674], [35.112300086180085, 31.81181360811155], [35.11406976760577, 31.809312628575015]]]}, "properties": {"sid": "472", "name": "אבו גוש"}}, {"type": "Feature", "geometry": {"type": "Polygon", "coordinates": [[[35.15242752830784, 32.96075601297969], [35.15072071309049, 32.96391161892615], [35.15844256647131, 32.964539323231236], [35.15922090542051, 32.965910874787085], [35.16179357081671, 32.96563265512299], [35.16340989355177, 32.9633406033862], [35.16590286012894, 32.96553379175111], [35.168932355943525, 32.96323493754238], [35.16894245353143, 32.96524840988627], [35.175005500203724, 32.96407083939778], [35.18250600614732, 32.96510958064266], [35.1836823445646, 32.96154982026803], [35.182409105995475, 32.960544348542896], [35.18694685571285, 32.95955933009907], [35.17954100791121, 32.957257505429595], [35.176162109293955, 32.95833842847577], [35.17182148197588, 32.95306194325411], [35.16826446813076, 32.95384570601459], [35.16609028693722, 32.95843118904821], [35.16355119503169, 32.95789333061276], [35.16309901051096, 32.959464335610676], [35.157927937524335, 32.960168657657505], [35.15612406837113, 32.95834097985238], [35.14968238373507, 32.96049953892265], [35.15242752830784, 32.96075601297969]]]}, "properties": {"sid": "473", "name": "אבו סנאן"}}, {"type": "Feature", "geometry": {"type": "Polygon", "coordinates": [[[35.33040475967198, 32.677461443091204], [35.3262449887153, 32.67763150578941], [35.326165047079314, 32.67609455631879], [35.32432832029582, 32.677331991977894], [35.320866083303144, 32.67506892718927], [35.316616371148655, 32.675709021454225], [35.315965855539844, 32.676768665641475], [35.317977431213535, 32.67700986561283], [35.31593763031742, 32.67821220882644], [35.31724414919819, 32.68045248209643], [35.316568609054116, 32.68380639934588], [35.319947658757485, 32.68542956142517], [35.320992378695394, 32.687783638504186], [35.32959050180028, 32.68946818830631], [35.32888427498938, 32.68605797079874], [35.33274816449625, 32.68755633575637], [35.33270413728616, 32.68599609204608], [35.32926377540298, 32.68481315620227], [35.33523025197462, 32.68238267811813], [35.33059920119223, 32.68019514558955], [35.3331658357348, 32.675631406364346], [35.33632961292136, 32.67478355161967], [35.32966169213341, 32.67519119721601], [35.33040475967198, 32.677461443091204]]]}, "properties": {"sid": "478", "name": "אכסאל"}}, {"type": "Feature", "geometry": {"type": "Polygon", "coordinates": [[[35.55266613923101, 32.664743112904375], [35.55247321576633, 32.66763589468087], [35.55457347358697, 32.66963427190416], [35.55209323151746, 32.67682552257986], [35.55461669680318, 32.67814377311669], [35.55712801224803, 32.670089030284544], [35.561568682848474, 32.67020134841357], [35.558123971843884, 32.66888832113915], [35.56055518287542, 32.66112605042696], [35.55501775756352, 32.660179272055814], [35.55637460700257, 32.65854126216959], [35.5544972812246, 32.65757215183339], [35.553421790083576, 32.66220644467171], [35.54857932127868, 32.65987025061162], [35.55266613923101, 32.664743112904375]]]}, "properties": {"sid": "48", "name": "מנחמיה"}}, {"type": "Feature", "geometry": {"type": "Polygon", "coordinates": [[[35.383066394898265, 32.95471560853855], [35.38029808019229, 32.95287513607872], [35.37811468364578, 32.95444427858064], [35.37464994743715, 32.95385834868392], [35.3702141466656, 32.95575838504146], [35.372597015539895, 32.95666253914493], [35.37420317053994, 32.960518174674064], [35.36623535078087, 32.96108084180747], [35.36579817054917, 32.96343845232275], [35.36040013026184, 32.964332780433494], [35.36068640785152, 32.96909643894958], [35.37311360680758, 32.97004726606855], [35.370012085189614, 32.97718776710184], [35.3711594060818, 32.97976605236147], [35.374495697518455, 32.97996160004783], [35.37556321706887, 32.97681146647602], [35.38608139813806, 32.969334435535814], [35.38516256260226, 32.96236378496076], [35.38956565233303, 32.95741646509782], [35.397168309569906, 32.9567900495212], [35.38762652874135, 32.951316573201325], [35.383066394898265, 32.95471560853855]]]}, "properties": {"sid": "480", "name": "בית ג'ן"}}, {"type": "Feature", "geometry": {"type": "Polygon", "coordinates": [[[35.41776513165553, 32.873728358676885], [35.41679337821188, 32.87817317695061], [35.41415761458228, 32.87862767902419], [35.41297701247919, 32.876001316008], [35.41027127799714, 32.87622123622111], [35.40422593987529, 32.8790820650853], [35.40463985644425, 32.88081135525988], [35.39918188713443, 32.88385299192208], [35.39254955162056, 32.89790243295096], [35.39764894684146, 32.8975873293918], [35.40234759336681, 32.895063232782036], [35.40890230299891, 32.89618645723925], [35.41198956496652, 32.89507499321644], [35.41365112000324, 32.89892420848548], [35.41507069265839, 32.89735098306147], [35.42691620921573, 32.8959829118819], [35.423383830499404, 32.89283071256739], [35.42057933606753, 32.8946452611699], [35.41939844528207, 32.89206205751799], [35.41653573953283, 32.89090358323381], [35.41678307108191, 32.88754234280492], [35.418667594134206, 32.88547093793346], [35.4228017532983, 32.88455895163435], [35.42648182407697, 32.88588818289338], [35.42902733534328, 32.88278134628217], [35.43440116857914, 32.88055561055302], [35.434869646117306, 32.87877904481712], [35.426715001196385, 32.877011756487434], [35.420170041114545, 32.873274603939876], [35.41776513165553, 32.873728358676885]]]}, "properties": {"sid": "481", "name": "מגאר"}}, {"type": "Feature", "geometry": {"type": "Polygon", "coordinates": [[[35.37359613355477, 32.80526962269499], [35.369701352335596, 32.801366913052675], [35.359524639350695, 32.80064772341376], [35.35784514913439, 32.80319703251706], [35.35906216658577, 32.80437464617302], [35.356484579200014, 32.805178840631015], [35.35843040993552, 32.808176445586525], [35.36731348592866, 32.810839580082586], [35.37321477064518, 32.81511236524352], [35.38190827944362, 32.81398481954386], [35.38238234806698, 32.815477704032844], [35.38268809867685, 32.81395078380166], [35.38658584226289, 32.81404115127816], [35.38647251599389, 32.81201293185137], [35.37708558403256, 32.81110296722818], [35.37389014801198, 32.808328068585524], [35.37359613355477, 32.80526962269499]]]}, "properties": {"sid": "482", "name": "בועיינה-נוג'ידאת"}}, {"type": "Feature", "geometry": {"type": "Polygon", "coordinates": [[[35.278350660554565, 32.92479293464629], [35.2792081137635, 32.92398744876181], [35.277671707483364, 32.92239329161714], [35.27495853650731, 32.92161547787208], [35.27208303520399, 32.92434727740499], [35.264208579462434, 32.92548735425805], [35.26190569539159, 32.929892065466504], [35.26908686916374, 32.93040820167721], [35.27352883388863, 32.93402516253127], [35.27793810735784, 32.93248080084834], [35.27947654340778, 32.93409857958585], [35.281581871606136, 32.93261650224986], [35.28896668066784, 32.93536954017219], [35.289351539242205, 32.932704180753376], [35.28471601703063, 32.930908395606025], [35.283998840973766, 32.92810149458836], [35.28110262558573, 32.928186088417306], [35.278350660554565, 32.92479293464629]]]}, "properties": {"sid": "483", "name": "בענה"}}, {"type": "Feature", "geometry": {"type": "Polygon", "coordinates": [[[35.17717732697213, 32.94572487830055], [35.18199454910922, 32.95075008394929], [35.187291153064336, 32.94696178875557], [35.19039403535652, 32.947664347231864], [35.1930996951948, 32.94507948163283], [35.19170288977659, 32.938730562965134], [35.19296542101739, 32.93743811667582], [35.187330600027224, 32.93413001718659], [35.17921487596578, 32.93755014792106], [35.169162174095106, 32.93511465072061], [35.16796945992269, 32.93747302925692], [35.16596251485822, 32.9367899312104], [35.163716484128486, 32.94230969113937], [35.1743893324018, 32.94222513777993], [35.17717732697213, 32.94572487830055]]]}, "properties": {"sid": "485", "name": "ג'ולס"}}, {"type": "Feature", "geometry": {"type": "Polygon", "coordinates": [[[35.36880322009256, 32.68253112021506], [35.36549080295822, 32.676557517415574], [35.36309108708406, 32.67797174000384], [35.36677911056756, 32.682240544765364], [35.364946996406786, 32.68347391818685], [35.367621366133164, 32.68335036842484], [35.37074198845204, 32.68774989684033], [35.365030993085895, 32.69072978605084], [35.362627573803536, 32.69026245245027], [35.36200640127447, 32.69373609194713], [35.366531227734015, 32.695691938432276], [35.3679689873789, 32.69916308231046], [35.36965270440885, 32.697539543415246], [35.37941487669525, 32.69610013171575], [35.37939283251325, 32.69390085494058], [35.3820900764959, 32.69322901370805], [35.37572024769133, 32.69053565209873], [35.37720273062155, 32.68597736906037], [35.37971906608209, 32.683684492645284], [35.3784659966085, 32.682875569551925], [35.382063930506035, 32.68002568183982], [35.38057023932515, 32.67869919261369], [35.382449388928194, 32.677473030855765], [35.381877426402184, 32.675477195116514], [35.37354224437911, 32.68410581153404], [35.37258958354249, 32.68727470046713], [35.369974536695565, 32.6856098305293], [35.36880322009256, 32.68253112021506]]]}, "properties": {"sid": "489", "name": "דבורייה"}}, {"type": "Feature", "geometry": {"type": "Polygon", "coordinates": [[[35.25980817240929, 32.94533670392582], [35.266632806358984, 32.94504369940728], [35.26668092188709, 32.94363609403058], [35.2716378078386, 32.94090116935354], [35.26687457829922, 32.939744456841254], [35.26677535699719, 32.9382541201316], [35.2791960772372, 32.937709112085884], [35.28004349041481, 32.93365113089504], [35.278602709947165, 32.93411141830734], [35.27793810735784, 32.93248080084834], [35.27352883388863, 32.93402516253127], [35.267973164929685, 32.930183959322335], [35.262079947131895, 32.929832015035515], [35.256903306442496, 32.93180034141267], [35.258967994277555, 32.93639479698237], [35.2560413377376, 32.940561319149595], [35.25603638067446, 32.945608723663725], [35.2592966596132, 32.94688128953993], [35.25980817240929, 32.94533670392582]]]}, "properties": {"sid": "490", "name": "דיר אל-אסד"}}, {"type": "Feature", "geometry": {"type": "Polygon", "coordinates": [[[35.3573188397927, 32.86042745846049], [35.353397425151115, 32.861123002224815], [35.35285371122984, 32.86285360091301], [35.35589171283232, 32.86482247677594], [35.35457319879413, 32.86817663864099], [35.357601449047706, 32.8690350550238], [35.35865574136943, 32.86609626842812], [35.363232182619186, 32.865292320384356], [35.366677407136706, 32.86659698935961], [35.368036780073396, 32.865158405935745], [35.369290531233105, 32.867998464957225], [35.37019642282672, 32.86684781207691], [35.374095384994064, 32.86792817304678], [35.374279085011835, 32.86505429951637], [35.37950275484832, 32.866420046847736], [35.381459076175474, 32.86086161966807], [35.383613977702964, 32.86012417648959], [35.38153074045135, 32.85884998014251], [35.37752323820695, 32.860164689149144], [35.37297867882302, 32.85761655186241], [35.36900658918279, 32.857653769406], [35.36541630401928, 32.859638050655576], [35.359891991722066, 32.859070313144514], [35.3573188397927, 32.86042745846049]]]}, "properties": {"sid": "492", "name": "דייר חנא"}}, {"type": "Feature", "geometry": {"type": "Polygon", "coordinates": [[[35.05731653902711, 32.70327500843496], [35.05912634280651, 32.70020900644056], [35.0614092637266, 32.69977563393843], [35.062648170676596, 32.70133531916969], [35.06193601103814, 32.69879928226112], [35.06323565370252, 32.698170980806196], [35.06435999601706, 32.69972244623398], [35.06837686110333, 32.69913781495825], [35.0692998146348, 32.69774973746047], [35.06717484344432, 32.69486501810616], [35.0686367390943, 32.69422068893368], [35.07024719914898, 32.69637817691137], [35.07145170613137, 32.69545095070089], [35.07217978826668, 32.693828848022974], [35.07083519838574, 32.69266476826448], [35.06732138977037, 32.692693274075395], [35.06856729794248, 32.689634585367855], [35.072528682952395, 32.690325102821305], [35.07131949859604, 32.68802273586061], [35.074348657164876, 32.68629000308124], [35.073448166000105, 32.68181606835691], [35.076087085350764, 32.680956390225276], [35.07556822419423, 32.679529785771024], [35.06382292538774, 32.67973214312394], [35.06205405874789, 32.68512678757122], [35.06498634054725, 32.68624662518164], [35.049538366502475, 32.683684443182585], [35.04847794080439, 32.68491926631117], [35.045087946351714, 32.6845070440649], [35.044877314336645, 32.686198151723374], [35.041026025230906, 32.68634671163147], [35.038696323376655, 32.68274096262536], [35.03426832782111, 32.68520588744178], [35.036544286189894, 32.68665150806072], [35.0308637085933, 32.68816168921063], [35.033132372561, 32.6906695782385], [35.03623830715219, 32.690898908957536], [35.03286419382755, 32.6938700585564], [35.035852925172435, 32.693552146414504], [35.037049853567964, 32.69542591807169], [35.03428242649284, 32.69790898131447], [35.03859204518676, 32.70225855239033], [35.03681275720305, 32.70392750075359], [35.03804078505425, 32.70600414687391], [35.04053205191269, 32.706661418189924], [35.042131176013015, 32.70955397783388], [35.04418246215096, 32.705317781590395], [35.051277964706344, 32.70523783186053], [35.05493047036498, 32.70250515998521], [35.05731653902711, 32.70327500843496]]]}, "properties": {"sid": "494", "name": "דאלית אל-כרמל"}}, {"type": "Feature", "geometry": {"type": "Polygon", "coordinates": [[[35.37069864652534, 32.78428279341625], [35.37527682616462, 32.7849072484708], [35.373963653200065, 32.782975242113764], [35.376379198041604, 32.781436892398744], [35.38400845182866, 32.77943585318212], [35.39001195438823, 32.78075608762339], [35.38651931761245, 32.77729152858126], [35.386653416422064, 32.77375798254491], [35.38380868092594, 32.7718871498721], [35.376647845321884, 32.77282513557162], [35.37460823778002, 32.770217696989164], [35.37328323513327, 32.771874755415695], [35.370985296434355, 32.77077486656691], [35.363006877265605, 32.77208713571281], [35.36201164432197, 32.77392668996481], [35.36784956730372, 32.77780271402406], [35.36654505211254, 32.781929612961335], [35.369525268676284, 32.78231269987123], [35.37069864652534, 32.78428279341625]]]}, "properties": {"sid": "498", "name": "טורעאן"}}, {"type": "Feature", "geometry": {"type": "Polygon", "coordinates": [[[35.28018290961364, 32.68968474055839], [35.28140037852472, 32.676162194329834], [35.27135624359579, 32.67177883122815], [35.27189664441465, 32.67650036190224], [35.269355496658875, 32.67488452570035], [35.26474878153107, 32.67761974265704], [35.26706729312116, 32.68799205638834], [35.27126462066576, 32.68825941943669], [35.27356825387187, 32.69016918106291], [35.27556491249078, 32.692391048807906], [35.27503650143342, 32.695337513815275], [35.277176595623416, 32.696632035739924], [35.28227718514404, 32.695461220958634], [35.281388421138786, 32.69413935514717], [35.28280327235319, 32.6927795316501], [35.28018290961364, 32.68968474055839]]]}, "properties": {"sid": "499", "name": "יפיע"}}, {"type": "Feature", "geometry": {"type": "Polygon", "coordinates": [[[34.79156213588391, 32.1466175082914], [34.802609019390786, 32.14462308628646], [34.795642444543205, 32.128725202106466], [34.803156512263286, 32.13064507391107], [34.8084563636703, 32.12815412361397], [34.810947466852156, 32.12445794327954], [34.82358923685388, 32.123307073662545], [34.81951986934655, 32.130702354430184], [34.82759477947553, 32.13038852610964], [34.826183672138825, 32.127865387277836], [34.833402148890116, 32.128537166457136], [34.83343638877835, 32.126706655787586], [34.83730230265917, 32.12770553188483], [34.83643219598912, 32.125886482175474], [34.83995359937916, 32.125769267237956], [34.839935609340955, 32.12395516200115], [34.84199415570578, 32.12335012510823], [34.844263592191055, 32.1197004936829], [34.848529713375626, 32.11906499585291], [34.85316344054041, 32.1207506967873], [34.84906935696529, 32.107203738461806], [34.84251808634065, 32.108563518791414], [34.83576079632377, 32.105363580764674], [34.82958861422321, 32.106208338244244], [34.823912328191454, 32.10456588750577], [34.82469493082647, 32.10278269466568], [34.82104179654175, 32.101589198982424], [34.822305254983576, 32.099197666938835], [34.8194423657726, 32.09646419826419], [34.81551628275031, 32.09860517019251], [34.81329710487756, 32.09645321574334], [34.80980378641567, 32.09632835027321], [34.80933902757414, 32.09098825780188], [34.807517884243, 32.09008963183112], [34.80391022417757, 32.09091450530025], [34.80190531877548, 32.09363978294965], [34.7985071683712, 32.08197878479314], [34.79989341754725, 32.08219915017071], [34.797896940591386, 32.080269027893394], [34.80210710865617, 32.07736007540723], [34.80067682057887, 32.072872663442695], [34.802668120137696, 32.07053863854736], [34.802801794467314, 32.06607661354491], [34.804498004879065, 32.065635037427114], [34.80667634723568, 32.0612011576074], [34.811839103292016, 32.058601193290485], [34.81043786151815, 32.05489418781656], [34.81395546437324, 32.05019588213429], [34.81255835048756, 32.04055970936315], [34.809719873373524, 32.041368604577485], [34.80746541149961, 32.03911552765953], [34.800211445701734, 32.03891401297136], [34.78978814580631, 32.04072074916331], [34.78516129935451, 32.04500064256564], [34.77527477511086, 32.03308581435891], [34.77176526345619, 32.033833221126315], [34.77030079304723, 32.03219820058655], [34.76928619680058, 32.03489962641669], [34.75911062955197, 32.03615680399338], [34.759238823413, 32.03306800238647], [34.75596072980392, 32.03356676279594], [34.75485377408245, 32.03069383894956], [34.75004682939772, 32.02938116870604], [34.741313355626914, 32.03341327820027], [34.74495253962806, 32.038364413886654], [34.744086620201415, 32.044933429933906], [34.74988551170708, 32.05559819060409], [34.75044556091393, 32.05467097428607], [34.755038410294446, 32.05663026067805], [34.75929604367752, 32.06230509610333], [34.76036452010658, 32.0711111145863], [34.76599858206896, 32.08794117664405], [34.77488537226219, 32.10377122406277], [34.77274609105933, 32.10901536786497], [34.77594020507644, 32.10938100522924], [34.777850767998586, 32.11258058082922], [34.79156213588391, 32.1466175082914]]]}, "properties": {"sid": "5000", "name": "תל אביב -יפו"}}, {"type": "Feature", "geometry": {"type": "Polygon", "coordinates": [[[35.22443881839678, 32.95982884072845], [35.23426863229162, 32.957013685733045], [35.23413273124061, 32.955188901946315], [35.230525218663956, 32.95477152928271], [35.230379777604696, 32.952056919391396], [35.22831452409605, 32.95070414118322], [35.22303873225172, 32.94967861907304], [35.21163114056475, 32.95154258452271], [35.203660703778496, 32.94814696301199], [35.196165725967546, 32.94800107768765], [35.18525307436994, 32.95165538019171], [35.16902205432439, 32.9431227816911], [35.16658818129957, 32.94526437954755], [35.17100537599737, 32.9490292483012], [35.172255275360726, 32.95319116144299], [35.17503784971706, 32.953239422661284], [35.18164925800693, 32.95712924501868], [35.192106105312575, 32.956940546569], [35.192647258863985, 32.95779616785893], [35.1899388192212, 32.958380654343784], [35.19045333755156, 32.96123399635189], [35.19847330180147, 32.961730860091166], [35.21411202924679, 32.95891770968461], [35.21186476914386, 32.963870767222204], [35.21521278953867, 32.96461481142444], [35.22443881839678, 32.95982884072845]]]}, "properties": {"sid": "502", "name": "ירכא"}}, {"type": "Feature", "geometry": {"type": "Polygon", "coordinates": [[[35.196885044209466, 32.88962114190224], [35.201578251635055, 32.88812204669517], [35.2030363971121, 32.880933169330376], [35.20639291789888, 32.87517858832126], [35.21276781708116, 32.87349967636902], [35.21512962383315, 32.871781205038644], [35.21529222665498, 32.8693755797193], [35.221597497626476, 32.867318449786694], [35.22122146769664, 32.86167505825739], [35.21920011998958, 32.860577514840486], [35.2175716698967, 32.86250218812552], [35.20608884722259, 32.864908473547246], [35.20380847588052, 32.86752029632464], [35.199003262390704, 32.86861987850466], [35.193059323728846, 32.87620412482056], [35.20169073883659, 32.87487457070495], [35.19971074915179, 32.876396769495386], [35.20148745877924, 32.877973002252304], [35.201305136522876, 32.880510264037525], [35.196270111176716, 32.88532033296707], [35.196885044209466, 32.88962114190224]]]}, "properties": {"sid": "504", "name": "כאבול"}}, {"type": "Feature", "geometry": {"type": "Polygon", "coordinates": [[[35.24381034027505, 32.833183775011264], [35.24218466459064, 32.833846787599214], [35.24341460080325, 32.8354066760773], [35.24644383851239, 32.83446094811433], [35.245980045542694, 32.83625581595322], [35.24965873316404, 32.8367448663825], [35.25197981411719, 32.83269061198223], [35.25514690710412, 32.830816149645614], [35.25234843723064, 32.829042271983326], [35.254841871455255, 32.827132413230345], [35.24593590142075, 32.82461864533428], [35.24597567483755, 32.826874156717], [35.243421421261644, 32.82926125510289], [35.24381034027505, 32.833183775011264]]]}, "properties": {"sid": "505", "name": "כאוכב אבו אל-היג'א"}}, {"type": "Feature", "geometry": {"type": "Polygon", "coordinates": [[[35.1588946124964, 32.96007713455219], [35.16700773931575, 32.958054468439], [35.16826446813076, 32.95384570601459], [35.17199157884835, 32.953062836280935], [35.17081217104493, 32.95030737738364], [35.16812518383023, 32.95036828396917], [35.16581781933695, 32.946113148902725], [35.163251973499825, 32.946508928844025], [35.16098421245147, 32.94939253034107], [35.15610963245365, 32.9487417512309], [35.158674218340536, 32.95097811424864], [35.15349888706402, 32.95267067790951], [35.1588946124964, 32.96007713455219]]]}, "properties": {"sid": "507", "name": "כפר יאסיף"}}, {"type": "Feature", "geometry": {"type": "Polygon", "coordinates": [[[35.32925378933095, 32.73786429859854], [35.33477347641485, 32.74295727176076], [35.33183239025266, 32.75215050234385], [35.33223674163236, 32.75513126299745], [35.33078321777134, 32.75605468417638], [35.33282357354915, 32.75857280299249], [35.330533002096445, 32.75915907822895], [35.333118685179215, 32.76146142180721], [35.33540936365125, 32.760844378964975], [35.33610286595456, 32.76247252598631], [35.3390659936008, 32.76236636191811], [35.339926404679886, 32.75869312418837], [35.33874847266395, 32.754631727372384], [35.343534508111134, 32.75578771862837], [35.3445103300877, 32.761377646361325], [35.3463935832973, 32.761332477911594], [35.34638778177077, 32.75767677426376], [35.348168280241964, 32.75711567374941], [35.34729778686341, 32.753848079725174], [35.34982172339386, 32.752317000129494], [35.349785064329296, 32.74975943974641], [35.35476535963369, 32.74540979492616], [35.35861918392823, 32.74510802561497], [35.35568611072546, 32.741847824917215], [35.352164803562914, 32.74227328338537], [35.35434292648495, 32.740390317958884], [35.352059749258046, 32.740295116626385], [35.35251262086081, 32.73724101266265], [35.35011999074504, 32.73664167567284], [35.34976669747516, 32.738448413663434], [35.34595136506351, 32.73918391880284], [35.345134139429035, 32.737292483561305], [35.34236376977219, 32.73679553798377], [35.34418510645753, 32.735390692626424], [35.33973400102337, 32.73321264974402], [35.33621626686727, 32.738403156180766], [35.32925378933095, 32.73786429859854]]]}, "properties": {"sid": "509", "name": "כפר כנא"}}, {"type": "Feature", "geometry": {"type": "Polygon", "coordinates": [[[35.28147318853689, 32.80932485825565], [35.285949245661186, 32.809220303973916], [35.28606123643698, 32.80811324932705], [35.283834409830206, 32.80446753804648], [35.27517073514139, 32.80413773956508], [35.27596279055041, 32.799769516549986], [35.27490117325061, 32.80074426473607], [35.26949652114757, 32.79841435603777], [35.267239510595005, 32.801259852360374], [35.26450427475254, 32.79984774317887], [35.262863097454044, 32.80349623156587], [35.26069815139863, 32.80351753380717], [35.26090857207299, 32.8021148962855], [35.25517137405973, 32.80333594899491], [35.25422839352558, 32.79729339517411], [35.25237642053543, 32.79642250789249], [35.25082860095921, 32.79670508567119], [35.251496739682864, 32.801411966389196], [35.24998286591659, 32.8039956844533], [35.24435005041454, 32.80436342353323], [35.246245603651744, 32.811216309684994], [35.240990083425686, 32.8122093635713], [35.24169148627311, 32.81402231407856], [35.25105131896328, 32.814533793599765], [35.25326778538005, 32.81718844209297], [35.2570315551622, 32.81788832238823], [35.280822350071446, 32.81427329957319], [35.28147318853689, 32.80932485825565]]]}, "properties": {"sid": "510", "name": "כפר מנדא"}}, {"type": "Feature", "geometry": {"type": "Polygon", "coordinates": [[[35.26071853273413, 32.72481580300695], [35.26261080164721, 32.72417054753282], [35.26537277613278, 32.72685049665313], [35.267614863335325, 32.725219890885285], [35.26422189842191, 32.722399562090175], [35.271244501932244, 32.717948188658056], [35.26829089001262, 32.71477594795169], [35.27087017262045, 32.7122472405178], [35.26528585575767, 32.71499224029969], [35.263329819515604, 32.71160825961357], [35.25943003806583, 32.70986942763204], [35.25477911316557, 32.711930478608735], [35.253939189541995, 32.71401212855693], [35.25644580243187, 32.715485069680255], [35.25276727758785, 32.717930791273034], [35.25318844718913, 32.719041649152814], [35.25752535041465, 32.72173318154114], [35.25842309774782, 32.72535750964141], [35.26071853273413, 32.72481580300695]]]}, "properties": {"sid": "511", "name": "עילוט"}}, {"type": "Feature", "geometry": {"type": "Polygon", "coordinates": [[[35.26220226302405, 32.92821177755155], [35.26411797726291, 32.92757734272027], [35.264208579462434, 32.92548735425805], [35.27208303520399, 32.92434727740499], [35.27495853650731, 32.92161547787208], [35.25514363806849, 32.915969905486804], [35.25373404788803, 32.91415256988523], [35.24683350216446, 32.91422036168041], [35.24695557074307, 32.91653906932265], [35.23824910271395, 32.91698691641312], [35.23489086332273, 32.91931189952459], [35.24782078150389, 32.922230063766506], [35.25325758706805, 32.92564595689544], [35.260211622668294, 32.92647006953814], [35.26220226302405, 32.92821177755155]]]}, "properties": {"sid": "516", "name": "מג'ד אל-כרום"}}, {"type": "Feature", "geometry": {"type": "Polygon", "coordinates": [[[35.26311453350894, 33.02053788751357], [35.25472760539475, 33.02454567484307], [35.248191608855734, 33.02538634040735], [35.24816706995438, 33.03124087476658], [35.25136317686918, 33.03036884714464], [35.25427940127338, 33.032473053888395], [35.26002399441188, 33.03209830549247], [35.26109220823889, 33.028934141597404], [35.26366673433239, 33.02772296794069], [35.26283660612455, 33.02521069471783], [35.2689337676793, 33.02467156913764], [35.26311453350894, 33.02053788751357]]]}, "properties": {"sid": "518", "name": "מעיליא"}}, {"type": "Feature", "geometry": {"type": "Polygon", "coordinates": [[[35.32762660368485, 32.73614675806647], [35.324972653065515, 32.73520108676081], [35.32518787342167, 32.73045410437345], [35.32347553456833, 32.73073965980751], [35.32165318524636, 32.73439338045017], [35.31765189641794, 32.734502671461144], [35.313610034675435, 32.740265644943634], [35.30892488337673, 32.74200421522238], [35.31080860873038, 32.74371327065097], [35.31793590861537, 32.74129670507892], [35.31716055541534, 32.74326948040226], [35.319372794119204, 32.74973163810466], [35.32235273459111, 32.748194936846915], [35.3237818670396, 32.750494376514325], [35.32767009579834, 32.74950463573043], [35.32925378933095, 32.73786429859854], [35.33621626686727, 32.738403156180766], [35.33942576198939, 32.73456307982235], [35.32762660368485, 32.73614675806647]]]}, "properties": {"sid": "520", "name": "משהד"}}, {"type": "Feature", "geometry": {"type": "Polygon", "coordinates": [[[35.32135791083897, 32.9410439025541], [35.32923015694621, 32.94138559546889], [35.3312518454963, 32.9405151749354], [35.331543339153825, 32.938592011612116], [35.32634310385123, 32.93826299104427], [35.325913964457925, 32.93689004284124], [35.323542770582435, 32.93704036991721], [35.323058123233864, 32.938579858173966], [35.32131321273465, 32.9378974930749], [35.322321625242864, 32.933724076704834], [35.324064309920004, 32.9327990034713], [35.32263114131416, 32.92870010672459], [35.317019340270406, 32.92777234451813], [35.3107577098005, 32.929254172741935], [35.31157122753018, 32.93127130892384], [35.30857386629094, 32.934454501574066], [35.31311906059619, 32.93677626691124], [35.31490658097397, 32.93916874324293], [35.31409730714506, 32.940708472518054], [35.32135791083897, 32.9410439025541]]]}, "properties": {"sid": "522", "name": "נחף"}}, {"type": "Feature", "geometry": {"type": "Polygon", "coordinates": [[[35.349989656497485, 32.62678531309177], [35.347641542823, 32.62630902494158], [35.3455821726792, 32.62803091099778], [35.344254878559866, 32.632412903532725], [35.34494122855489, 32.634807077784444], [35.351565025005925, 32.63317938222275], [35.35043664203744, 32.63549111382389], [35.352286009691625, 32.63626378254759], [35.35334736169142, 32.63371262084081], [35.35142876872277, 32.63130585248314], [35.35222195547891, 32.62768433116702], [35.349989656497485, 32.62678531309177]]]}, "properties": {"sid": "523", "name": "ניין"}}, {"type": "Feature", "geometry": {"type": "Polygon", "coordinates": [[[35.34690984091645, 32.93401639324202], [35.34628992833757, 32.93733558496933], [35.33749753908023, 32.93894151963548], [35.33531537820221, 32.94438170665052], [35.34006332915936, 32.945881479047046], [35.35344501727377, 32.943643190580815], [35.3493880595114, 32.934671884799684], [35.34690984091645, 32.93401639324202]]]}, "properties": {"sid": "525", "name": "סאג'ור"}}, {"type": "Feature", "geometry": {"type": "MultiPolygon", "coordinates": [[[[35.20226210870942, 32.82401293754708], [35.20234357559559, 32.82133237778703], [35.20104114952949, 32.82153854736612], [35.20250650487134, 32.81549013805949], [35.19900656290258, 32.8141841192018], [35.196890097500045, 32.81665837718242], [35.18842525212375, 32.81425195866103], [35.18411031214123, 32.81871893533065], [35.18012138629297, 32.820161596280684], [35.18069085230104, 32.821398880853735], [35.18435392769169, 32.821262053501016], [35.181911265592476, 32.82380474539275], [35.17645659769386, 32.825865603015245], [35.18150198502866, 32.83260237859696], [35.18467730771164, 32.83143446952522], [35.187829605052286, 32.83224366331444], [35.1890305354309, 32.83424147126692], [35.20235424605164, 32.82849531061015], [35.20226210870942, 32.82401293754708]]], [[[35.16574918487703, 32.832589564157104], [35.16805619323878, 32.82984190507989], [35.16588693763214, 32.827722729120694], [35.16005405355179, 32.829094974053874], [35.1592622850265, 32.831319798769755], [35.16079735491405, 32.83459195235679], [35.16574918487703, 32.832589564157104]]], [[[35.17788701617292, 32.83912007123433], [35.17578588600986, 32.83465353343388], [35.16513823314301, 32.83390630203428], [35.16520383958556, 32.83894497233268], [35.167780261449934, 32.841178790269], [35.17788701617292, 32.83912007123433]]]]}, "properties": {"sid": "529", "name": "אעבלין"}}, {"type": "Feature", "geometry": {"type": "Polygon", "coordinates": [[[34.94761155662809, 32.707071646639235], [34.94766936774715, 32.711303659236535], [34.95062282138616, 32.71116512766855], [34.95231213669581, 32.70792121279379], [34.95206916326134, 32.7015760227153], [34.947256600511764, 32.7021880455419], [34.94625431058802, 32.694620631836756], [34.95064236275488, 32.69246416279094], [34.950420593535625, 32.69039452418798], [34.945017773351594, 32.68927669926029], [34.94425320572094, 32.68277184444514], [34.941501397171805, 32.6799058687609], [34.93332128884646, 32.68068650008195], [34.93541338082292, 32.69541609477699], [34.9405819887678, 32.693856825931846], [34.94078703239569, 32.696004761310746], [34.94351837687162, 32.696106710256515], [34.944175381988316, 32.70188972063414], [34.94590199488118, 32.70150673624693], [34.94761155662809, 32.707071646639235]]]}, "properties": {"sid": "53", "name": "עתלית"}}, {"type": "Feature", "geometry": {"type": "Polygon", "coordinates": [[[35.40103317484119, 32.82909863609325], [35.39791964187805, 32.828944185625744], [35.39626210681081, 32.833562485820096], [35.398328939528994, 32.84297170388106], [35.40094902797529, 32.84464965176005], [35.40454980732778, 32.84072191938111], [35.408228047986086, 32.84007878720632], [35.41064217549604, 32.84225526886564], [35.41191689255061, 32.84127459414725], [35.408621506777195, 32.8372720588585], [35.4076551429705, 32.83371045577297], [35.40900328067693, 32.83285603507801], [35.40616306157608, 32.82481242135623], [35.40366642846294, 32.82534365898272], [35.40393056294516, 32.82847569819495], [35.40103317484119, 32.82909863609325]]]}, "properties": {"sid": "530", "name": "עיילבון"}}, {"type": "Feature", "geometry": {"type": "Polygon", "coordinates": [[[35.33991696539567, 32.83945454529106], [35.3374660007554, 32.84089087231598], [35.334138937262196, 32.83988934142002], [35.33369354172362, 32.84200992122095], [35.33095877172997, 32.84304816514077], [35.32973799781041, 32.84719117453312], [35.32851133423077, 32.84719239761114], [35.3292695499498, 32.849581123769894], [35.32502599185608, 32.85157653233114], [35.3250300873687, 32.85460321326775], [35.32625739576224, 32.85500027294427], [35.32541134325896, 32.85739058101058], [35.334945203758195, 32.85913328547281], [35.33598864935675, 32.861372299691936], [35.33787201588086, 32.86000634101987], [35.349267252681614, 32.86206293135922], [35.34834524973354, 32.8587203401716], [35.351450675308456, 32.85338020902947], [35.348526782385136, 32.85425975318509], [35.347860203985306, 32.8505169942639], [35.35012188831456, 32.84868244294046], [35.347650731196325, 32.84840287069596], [35.347380208829634, 32.845223267240044], [35.34853870469749, 32.84492100599965], [35.34444809790148, 32.84206246501083], [35.34666735761249, 32.84110724470361], [35.346517973026096, 32.838740968321076], [35.33991696539567, 32.83945454529106]]]}, "properties": {"sid": "531", "name": "עראבה"}}, {"type": "Feature", "geometry": {"type": "Polygon", "coordinates": [[[35.35916582334414, 32.72835608586473], [35.35946415184918, 32.72579663510669], [35.35746046502851, 32.72484150383241], [35.35853604160508, 32.7199283941801], [35.355918283302174, 32.71956835959219], [35.35690150040398, 32.71775104107775], [35.35218868505984, 32.714132684475885], [35.3481645804311, 32.713518228083785], [35.348988816280894, 32.715993817960396], [35.34582095617225, 32.72584578575447], [35.35916582334414, 32.72835608586473]]]}, "properties": {"sid": "532", "name": "עין מאהל"}}, {"type": "Feature", "geometry": {"type": "Polygon", "coordinates": [[[35.05893272866257, 32.701831651409634], [35.055829603553434, 32.70522411719929], [35.05355466231788, 32.70508021847735], [35.0539391278885, 32.706086607511], [35.063163894098466, 32.706909136447564], [35.06395508705765, 32.708189493150655], [35.061132314804524, 32.7111864326078], [35.06653519884043, 32.71355729733148], [35.058073142261776, 32.718215556203006], [35.05408025939653, 32.715281295895124], [35.05458505695486, 32.71926148123242], [35.05300769105213, 32.71996549930839], [35.05417451823945, 32.721316959110425], [35.047991276276434, 32.723409486358776], [35.052885348180325, 32.7244125955649], [35.05347594645781, 32.727034004215966], [35.05129184304417, 32.72839023582077], [35.05256365798647, 32.72944182478045], [35.04763340995396, 32.731059352607076], [35.0473587156323, 32.732920847619084], [35.04260593081909, 32.73282757533241], [35.045161833751706, 32.735459354065995], [35.043941392581246, 32.736920037429854], [35.0513980691656, 32.73667433725092], [35.05130337055414, 32.7338610582413], [35.05422601971509, 32.734182253808], [35.05503647525319, 32.73023894607053], [35.05716428020742, 32.73137092093128], [35.059656003921475, 32.73018230137217], [35.05919500964205, 32.72832197637814], [35.0628023963136, 32.73038580805866], [35.06225391778412, 32.72916844886487], [35.065685152447884, 32.72799133523199], [35.065348448971804, 32.72670265530337], [35.06157307433796, 32.72647455395753], [35.059960284139834, 32.72365812911943], [35.062909805043546, 32.72342023955247], [35.06738587475837, 32.720288965663315], [35.07236968011671, 32.72117521246611], [35.08023461743369, 32.71685932639684], [35.0804264904902, 32.714673371279105], [35.07728990160774, 32.71290105124257], [35.08531690664995, 32.70593123523838], [35.083418598789365, 32.70116979445049], [35.076407422064904, 32.70150806724354], [35.073460611717906, 32.7047742421376], [35.07198938560174, 32.70212448775493], [35.06866181399158, 32.70428337597707], [35.05893272866257, 32.701831651409634]]]}, "properties": {"sid": "534", "name": "עספיא"}}, {"type": "Feature", "geometry": {"type": "Polygon", "coordinates": [[[35.30700326149139, 33.04232384986585], [35.299914717889976, 33.045702647759015], [35.29888955281069, 33.048956449780405], [35.3068490007808, 33.05321649694383], [35.316799378688415, 33.05406565570547], [35.31877969212911, 33.0513789976427], [35.31851936987306, 33.04364905935665], [35.30700326149139, 33.04232384986585]]]}, "properties": {"sid": "535", "name": "פסוטה"}}, {"type": "Feature", "geometry": {"type": "MultiPolygon", "coordinates": [[[[35.33021253498055, 32.98380262968766], [35.3335343913991, 32.98087917743214], [35.33696380403637, 32.9805251709999], [35.341209968365376, 32.97168786870026], [35.33873557638577, 32.97075063123668], [35.3392935607493, 32.969609647867], [35.33500410575493, 32.97035853491849], [35.33573927724592, 32.972467107870784], [35.33459701683893, 32.973110704095745], [35.33339853171691, 32.97172321745256], [35.32968745231415, 32.97238253472625], [35.32985530447877, 32.967343523584816], [35.32404167848074, 32.96691504069662], [35.32532569722321, 32.96421560776412], [35.31973335750848, 32.96403481795255], [35.32025056930837, 32.96567806279239], [35.31856058580246, 32.967540450831166], [35.32743292299108, 32.97156380722396], [35.32860572257607, 32.974489240685955], [35.327792415287774, 32.98325631312838], [35.32575922440873, 32.98546001996402], [35.33021253498055, 32.98380262968766]]], [[[35.31153034255129, 32.99389273346293], [35.3121407340077, 32.99529534760228], [35.31442762183735, 32.99520575983797], [35.31442508574918, 32.993161717739156], [35.31982888169756, 32.99024550682475], [35.3144919179677, 32.991176022755326], [35.31081448130334, 32.98738313652257], [35.304651720500544, 32.99150552086314], [35.30572837626363, 32.99369469735245], [35.31153034255129, 32.99389273346293]]]]}, "properties": {"sid": "536", "name": "פקיעין (בוקייעה)"}}, {"type": "Feature", "geometry": {"type": "Polygon", "coordinates": [[[34.958034560646524, 32.59596657179992], [34.955767747483605, 32.594011643522606], [34.95662063663315, 32.589921270550235], [34.95949876755412, 32.589439820291545], [34.9591078160729, 32.58843923997898], [34.95454127186224, 32.58867494419337], [34.95320469224282, 32.59131039126157], [34.94727399519877, 32.59268155520965], [34.949344051986486, 32.59636364316765], [34.944699062611676, 32.59824324243175], [34.946196205390606, 32.603765703024806], [34.952142515564674, 32.60332896436029], [34.9532837570398, 32.605770740627236], [34.956052108617996, 32.604768841009275], [34.956917866166634, 32.60150708718237], [34.96071610786214, 32.600012295231295], [34.95975381438706, 32.595875037902715], [34.958034560646524, 32.59596657179992]]]}, "properties": {"sid": "537", "name": "פוריידיס"}}, {"type": "Feature", "geometry": {"type": "MultiPolygon", "coordinates": [[[[35.233606826593814, 32.89149447558964], [35.24306088934861, 32.89285797461588], [35.247227748761645, 32.886020108940954], [35.239994119333176, 32.884877454630896], [35.23484416422684, 32.88808283625394], [35.22709820092126, 32.88657571189964], [35.22497801142612, 32.88860392862847], [35.2287611049411, 32.892867697186546], [35.23236810130686, 32.89078790074109], [35.233606826593814, 32.89149447558964]]], [[[35.20709636400602, 32.90292277416677], [35.2113616092509, 32.9034125233693], [35.211961314063444, 32.90221580811311], [35.20784833033622, 32.8988026669096], [35.20654410922333, 32.89965401641979], [35.20709636400602, 32.90292277416677]]]]}, "properties": {"sid": "538", "name": "שעב"}}, {"type": "Feature", "geometry": {"type": "Polygon", "coordinates": [[[34.915450727369205, 32.53342658896594], [34.91471860817728, 32.52992024022694], [34.906869427881816, 32.53141274430277], [34.90426765322968, 32.53504091430682], [34.90475677650409, 32.537050229084855], [34.9095885262895, 32.5391359106938], [34.91321846436068, 32.54513985482049], [34.91604743024476, 32.544546082835495], [34.915450727369205, 32.53342658896594]]]}, "properties": {"sid": "541", "name": "ג'סר א-זרקא"}}, {"type": "Feature", "geometry": {"type": "Polygon", "coordinates": [[[35.28891677369023, 32.72501971438834], [35.29312602984248, 32.725558278791596], [35.29626305219813, 32.72131019441002], [35.29937538276778, 32.721923960122695], [35.30812194257362, 32.719744790389825], [35.308736483501946, 32.72141926059044], [35.30634396040551, 32.723047576684394], [35.304574732238166, 32.72199596614098], [35.30441409353563, 32.72580752499732], [35.31024056365112, 32.72695625962376], [35.314967358057174, 32.725549176753134], [35.31775029933692, 32.730466515917044], [35.31944069473235, 32.730541558945845], [35.323126111081194, 32.727712733355986], [35.32232149753912, 32.72469445028872], [35.323876497302535, 32.72400935394859], [35.3258135479569, 32.71865900291073], [35.32437414165338, 32.716607017100216], [35.32621181812095, 32.71543718977455], [35.3229744835856, 32.716211217373825], [35.32256388191769, 32.713066655102125], [35.320566993971624, 32.71218149737825], [35.31738766840624, 32.71443851062884], [35.31269982903393, 32.71192941021417], [35.31159655513699, 32.71382371789031], [35.30866923579663, 32.71298525296709], [35.306561015378634, 32.7140594580776], [35.306784837750115, 32.71573435995282], [35.30034754810089, 32.71622921910324], [35.29695588720449, 32.720001546834], [35.28758025972127, 32.72302885369868], [35.284252293308725, 32.72759440415848], [35.27685857466355, 32.72953784539533], [35.27699510793792, 32.73217608036185], [35.278442587455515, 32.73287231660419], [35.280020956102305, 32.73035272739651], [35.28684766029136, 32.7289241336419], [35.28891677369023, 32.72501971438834]]]}, "properties": {"sid": "542", "name": "ריינה"}}, {"type": "Feature", "geometry": {"type": "Polygon", "coordinates": [[[35.35674309112079, 32.93707214656234], [35.35411716967167, 32.93857106010637], [35.35571882356493, 32.94117302091826], [35.36809308302941, 32.945085090704424], [35.37349875856091, 32.93893992873478], [35.3783204638184, 32.93750586890076], [35.37255825745768, 32.93394515524477], [35.37382453257618, 32.93223052312021], [35.37280675632678, 32.93108994264679], [35.35674309112079, 32.93707214656234]]]}, "properties": {"sid": "543", "name": "ראמה"}}, {"type": "Feature", "geometry": {"type": "Polygon", "coordinates": [[[34.90342898685833, 32.32072125528174], [34.903047429695164, 32.31762922780666], [34.89811141341107, 32.318955019158864], [34.89925652107166, 32.3237331846388], [34.90391911467543, 32.32336594288398], [34.90342898685833, 32.32072125528174]]]}, "properties": {"sid": "549", "name": "גנות הדר"}}, {"type": "Feature", "geometry": {"type": "Polygon", "coordinates": [[[35.077077913414996, 32.94622403081445], [35.074320627994666, 32.946016342280416], [35.07472443798247, 32.95112866525574], [35.07766828866062, 32.951327597990314], [35.08034560546537, 32.95738551133235], [35.0881110220061, 32.957015396243605], [35.08893105262604, 32.95312988703472], [35.09051929762751, 32.95219043454097], [35.08722927361214, 32.94514196113266], [35.077695624453554, 32.947369310245506], [35.077077913414996, 32.94622403081445]]]}, "properties": {"sid": "559", "name": "בוסתן הגליל"}}, {"type": "Feature", "geometry": {"type": "Polygon", "coordinates": [[[34.90471009089805, 31.82244175288463], [34.90381353876387, 31.81881011059818], [34.901117946835825, 31.820975226625478], [34.90057057806979, 31.81920140292243], [34.898306145412334, 31.819467991654562], [34.89730836648795, 31.82293297967334], [34.898497113750864, 31.825062862960806], [34.901795409730425, 31.824086269365864], [34.90273734705096, 31.82555795953226], [34.90513160673834, 31.824280274714965], [34.90471009089805, 31.82244175288463]]]}, "properties": {"sid": "563", "name": "משמר דוד"}}, {"type": "Feature", "geometry": {"type": "Polygon", "coordinates": [[[34.800463995117354, 32.02581171274039], [34.79039250820773, 32.03262646314079], [34.79158657136321, 32.034480719509645], [34.79711931660324, 32.03235460078423], [34.79887330755713, 32.03415817316119], [34.81657721206875, 32.021291964752436], [34.81792520048765, 32.01807465002514], [34.814141177973056, 32.0122504992612], [34.800463995117354, 32.02581171274039]]]}, "properties": {"sid": "565", "name": "אזור"}}, {"type": "Feature", "geometry": {"type": "Polygon", "coordinates": [[[34.96756265829009, 31.764491831532837], [34.97499102691444, 31.764164713031107], [34.97315810696114, 31.759540442237665], [34.97485656567801, 31.75805289072838], [34.97448814221406, 31.7558588659939], [34.973361614546945, 31.757879831489106], [34.96989809961764, 31.757575376802265], [34.96956856643624, 31.75976812719739], [34.96320605991178, 31.762481960074467], [34.96312581700289, 31.764589984440306], [34.96591326298676, 31.766192331710783], [34.96756265829009, 31.764491831532837]]]}, "properties": {"sid": "567", "name": "צרעה"}}, {"type": "Feature", "geometry": {"type": "Polygon", "coordinates": [[[35.14597191047534, 32.96674155517866], [35.14398592231254, 32.9656551291809], [35.143653192041256, 32.96716021567147], [35.14188325071149, 32.9668012144046], [35.14159459981096, 32.97501906637689], [35.14634351933802, 32.97368735748563], [35.15027696780788, 32.97467494529252], [35.14951299013245, 32.97172464107939], [35.14801318805826, 32.97134457769016], [35.149335563785314, 32.97030747231207], [35.14784327194951, 32.96950571861407], [35.149374979271954, 32.96497516347307], [35.14597191047534, 32.96674155517866]]]}, "properties": {"sid": "572", "name": "בית העמק"}}, {"type": "Feature", "geometry": {"type": "Polygon", "coordinates": [[[34.574113159894466, 31.6191298451663], [34.56894296464617, 31.61808575745181], [34.569057392584625, 31.622066109163654], [34.57471271092294, 31.625659084199413], [34.582733987283746, 31.62348716749881], [34.57980441783968, 31.61908795114806], [34.574113159894466, 31.6191298451663]]]}, "properties": {"sid": "573", "name": "מבקיעים"}}, {"type": "Feature", "geometry": {"type": "Polygon", "coordinates": [[[35.16971538575649, 32.90331895790365], [35.169670947556256, 32.898021901589516], [35.1651750127167, 32.896198783347245], [35.16217715505172, 32.902805507967855], [35.169099307886825, 32.904784778194994], [35.16971538575649, 32.90331895790365]]]}, "properties": {"sid": "575", "name": "יסעור"}}, {"type": "Feature", "geometry": {"type": "Polygon", "coordinates": [[[34.81731563281028, 31.793629931476232], [34.81658473219966, 31.79889032243051], [34.81907772395783, 31.80245698150452], [34.82623519250018, 31.80181701584263], [34.82640642971302, 31.792988330846867], [34.82427091756887, 31.791515548004213], [34.82195512103209, 31.793331695601296], [34.81731563281028, 31.793629931476232]]]}, "properties": {"sid": "577", "name": "יד בנימין"}}, {"type": "Feature", "geometry": {"type": "Polygon", "coordinates": [[[35.1158710512081, 33.08954634938459], [35.121804404849456, 33.087023528912766], [35.12080017958465, 33.083112324274396], [35.11382069137187, 33.082209139640156], [35.1090142889783, 33.08650993688411], [35.106479536301606, 33.086844827326956], [35.11038985151049, 33.09001632699193], [35.1158710512081, 33.08954634938459]]]}, "properties": {"sid": "579", "name": "כפר ראש הנקרה"}}, {"type": "Feature", "geometry": {"type": "Polygon", "coordinates": [[[34.88297527029255, 32.0566077740296], [34.88434318139275, 32.04941212297115], [34.891167020341754, 32.0496988825974], [34.89154989501168, 32.041071991978924], [34.88320354880477, 32.040453317766435], [34.88202301864743, 32.037665839407], [34.87544868221096, 32.037162504146295], [34.87499270884649, 32.035890416709435], [34.87228486725286, 32.03789977735289], [34.87302907063514, 32.04021555140662], [34.86871234999501, 32.04183379599294], [34.86686684133173, 32.0442397072967], [34.86805487633154, 32.03590775563845], [34.86695763598618, 32.03282061597872], [34.865957672608545, 32.046571056708956], [34.86845325891085, 32.047915863326466], [34.86676469093777, 32.05526932831691], [34.88297527029255, 32.0566077740296]]]}, "properties": {"sid": "587", "name": "סביון"}}, {"type": "Feature", "geometry": {"type": "Polygon", "coordinates": [[[35.05213136197284, 32.43223300984556], [35.05753350586667, 32.43170896409748], [35.05246518402106, 32.4302874327189], [35.0520302098264, 32.428763102535186], [35.05916532571928, 32.42794126967391], [35.055193314320036, 32.420379446154584], [35.05314753832829, 32.419167366880515], [35.05494410858381, 32.410958535108364], [35.049542534860166, 32.41029228496103], [35.051419388494025, 32.406931444730446], [35.05058933223194, 32.40193573414689], [35.04691742639818, 32.40431436181842], [35.043995147757926, 32.40144473039004], [35.03850053647062, 32.40529584322866], [35.03929696618212, 32.40768460266236], [35.03206077728311, 32.41256480702026], [35.02545050843429, 32.41267946338655], [35.02463732165512, 32.418518941296156], [35.02588537381098, 32.42342914883619], [35.024872863991504, 32.42485569213653], [35.02153215508497, 32.424268733415374], [35.025345260775225, 32.43015038503228], [35.031087926666544, 32.430032617911024], [35.034845525300796, 32.43131622566335], [35.034210610231526, 32.433844397101325], [35.03877850702253, 32.434356291209895], [35.04450729277738, 32.43232518406006], [35.04869230950254, 32.43458843590764], [35.04977776782977, 32.43258738589918], [35.05213136197284, 32.43223300984556]]]}, "properties": {"sid": "6000", "name": "באקה אל-גרביה"}}, {"type": "Feature", "geometry": {"type": "Polygon", "coordinates": [[[34.82185371707544, 32.0970139996964], [34.828453236327846, 32.09901800487705], [34.82789454419793, 32.10591889504104], [34.83576080171969, 32.10536354299319], [34.843094558966754, 32.10862152146609], [34.84906946218598, 32.107203739361125], [34.84584196623382, 32.096259072798034], [34.846088661062936, 32.085119536637364], [34.844162615412415, 32.07526339958628], [34.84105212575503, 32.068946460810594], [34.83293481439023, 32.07186794804744], [34.832375852463656, 32.07593655023163], [34.82770058111697, 32.0754059016611], [34.82506943820408, 32.084745514893655], [34.82209006160713, 32.084868990911275], [34.82185371707544, 32.0970139996964]]]}, "properties": {"sid": "6100", "name": "בני ברק"}}, {"type": "Feature", "geometry": {"type": "Polygon", "coordinates": [[[35.023489653624665, 32.47517112204969], [35.03386553406722, 32.48048220419042], [35.035302978949346, 32.47945822981353], [35.03294247981165, 32.47740319979789], [35.034160615120356, 32.473253458080706], [35.02555133502614, 32.47161913991141], [35.023270410601015, 32.472212328236424], [35.023489653624665, 32.47517112204969]]]}, "properties": {"sid": "617", "name": "ברקאי"}}, {"type": "Feature", "geometry": {"type": "Polygon", "coordinates": [[[34.75932972418747, 32.032566595272215], [34.76164791921616, 32.01138719596236], [34.7609374494038, 32.00760088017654], [34.757253476466815, 32.008245563681896], [34.755064253212765, 32.00225008217558], [34.758948891877935, 32.00157140969287], [34.75765443650312, 31.992790163035636], [34.7513687410746, 31.996353619623903], [34.749042656293625, 31.99527893427546], [34.74655027337644, 31.99622646717779], [34.74815994472573, 32.00006693743927], [34.73830403610242, 32.00576072158009], [34.734065315461976, 32.00577625736844], [34.742330407022735, 32.03312045084817], [34.75004682939772, 32.02938116870604], [34.75485377408245, 32.03069383894956], [34.75596072980392, 32.03356676279594], [34.75932972418747, 32.032566595272215]]]}, "properties": {"sid": "6200", "name": "בת ים"}}, {"type": "Feature", "geometry": {"type": "Polygon", "coordinates": [[[34.950340867736884, 32.145984787567954], [34.95352951387599, 32.149849543121945], [34.94798546685587, 32.15054645205714], [34.94786743983053, 32.156249482127976], [34.95846516503536, 32.157512396479945], [34.95885145892771, 32.155504150096476], [34.95593915107099, 32.15374210031774], [34.96049240779843, 32.153410812559], [34.96029649858457, 32.150109265530205], [34.96210844994505, 32.14782433642404], [34.96131675246619, 32.144442157079936], [34.950340867736884, 32.145984787567954]]]}, "properties": {"sid": "627", "name": "ג'לג'וליה"}}, {"type": "Feature", "geometry": {"type": "Polygon", "coordinates": [[[35.05138785376647, 32.40461433968011], [35.05374825218013, 32.40382079679239], [35.05322326034525, 32.40185744366613], [35.04704736854126, 32.396181467900476], [35.04296482866397, 32.3870714030229], [35.03416419172413, 32.388533545986434], [35.03556836438855, 32.391537990286054], [35.021377299023186, 32.39844924333795], [35.02072013202854, 32.40078645453133], [35.0213731621418, 32.409732879668695], [35.03997145591802, 32.40499659022049], [35.043995147757926, 32.40144473039004], [35.04691742639818, 32.40431436181842], [35.05058420429765, 32.40193064218545], [35.05138785376647, 32.40461433968011]]]}, "properties": {"sid": "628", "name": "ג'ת"}}, {"type": "Feature", "geometry": {"type": "Polygon", "coordinates": [[[35.562094317698666, 32.7254506632176], [35.563972842272904, 32.72458538320893], [35.56823203418111, 32.72740203287759], [35.57024204413506, 32.72209460198434], [35.56652075652772, 32.71911368934536], [35.55892645489206, 32.718202930620805], [35.55860863178299, 32.72357753727357], [35.562094317698666, 32.7254506632176]]]}, "properties": {"sid": "63", "name": "כנרת (מושבה)"}}, {"type": "Feature", "geometry": {"type": "Polygon", "coordinates": [[[34.81676662997603, 32.058630347512576], [34.8106036335509, 32.05884606969039], [34.80574905537463, 32.062152536910105], [34.80067682057887, 32.072872663442695], [34.80210710865617, 32.07736007540723], [34.797896940591386, 32.080269027893394], [34.798505451565404, 32.081210025422365], [34.801378700966325, 32.08156568570786], [34.80142442249917, 32.07888741292379], [34.81256985371584, 32.079840911029294], [34.81310059581591, 32.07800856394414], [34.820002659595104, 32.08032290537784], [34.814888464231274, 32.064755220776874], [34.8196947793906, 32.062329096310805], [34.818849154065276, 32.05915760473971], [34.81676662997603, 32.058630347512576]]]}, "properties": {"sid": "6300", "name": "גבעתיים"}}, {"type": "Feature", "geometry": {"type": "Polygon", "coordinates": [[[34.963255303189726, 32.13034251319647], [34.96594927094213, 32.13322019445644], [34.972990869932744, 32.131954962551504], [34.97303653660691, 32.133501658874536], [34.97517359738367, 32.13350554664373], [34.97767767148741, 32.131356254187835], [34.976703027622705, 32.129364494176116], [34.97324876851593, 32.128698692790465], [34.963255303189726, 32.13034251319647]]]}, "properties": {"sid": "633", "name": "כפר ברא"}}, {"type": "Feature", "geometry": {"type": "Polygon", "coordinates": [[[34.96078764983025, 32.129935793901836], [34.96403451987726, 32.12572300341395], [34.97055688629132, 32.12264328855696], [34.98725616444051, 32.12147102316925], [34.98913750569136, 32.118707845390816], [34.99079452544703, 32.109245603301986], [34.9800486495256, 32.10487950898221], [34.97593915876524, 32.105151231943864], [34.96923934352094, 32.110281368690266], [34.9577712373528, 32.11048642940523], [34.947002986298855, 32.1148623128455], [34.94349170387909, 32.12179093180612], [34.945081696263344, 32.12370973881343], [34.94939998981772, 32.128365747581256], [34.95753345840245, 32.128304102652294], [34.95802817186268, 32.130071885609084], [34.96078764983025, 32.129935793901836]]]}, "properties": {"sid": "634", "name": "כפר קאסם"}}, {"type": "Feature", "geometry": {"type": "MultiPolygon", "coordinates": [[[[35.1067940211272, 32.50143548426024], [35.11196607797217, 32.50051309010706], [35.11701378825575, 32.502060581430726], [35.11642774864174, 32.497757429761634], [35.12185062730464, 32.49441887113403], [35.116581144204474, 32.49496819682486], [35.11168636453414, 32.498695177140746], [35.10605607432842, 32.49985396528831], [35.103619685899844, 32.49537298977174], [35.10616997976081, 32.494359889996986], [35.10331598124759, 32.49361112165599], [35.10491788785032, 32.491913832057776], [35.09363817616094, 32.489340244856464], [35.090970491095334, 32.49044004467237], [35.08722737154602, 32.487277074177655], [35.08715547434571, 32.489226029157976], [35.08461499658489, 32.48862071887112], [35.07948594172291, 32.49220161601181], [35.07971246925513, 32.49726862664585], [35.073741865694615, 32.495852707936194], [35.0724925886621, 32.49828960448173], [35.07518321183579, 32.50017896858458], [35.07193761253086, 32.50065704998292], [35.08544214713743, 32.50248869020095], [35.09010569402261, 32.50491861700061], [35.11043610004606, 32.508264710148296], [35.11680918709436, 32.511574553422975], [35.11885985090146, 32.50952043352123], [35.11088683575889, 32.50325407441608], [35.106786810363076, 32.50344692413631], [35.1067940211272, 32.50143548426024]]], [[[35.086618093450284, 32.507694151463966], [35.0882184577157, 32.50445805799302], [35.086871220230705, 32.50361000989409], [35.070201254584276, 32.50062296837535], [35.06894262370315, 32.5027911340037], [35.071196553178424, 32.502697096393945], [35.07223195074397, 32.50544423926027], [35.06788513698956, 32.504209395447276], [35.06654408144425, 32.506422564949446], [35.07582822269438, 32.51296665178961], [35.08549279155915, 32.51105318405723], [35.086618093450284, 32.507694151463966]]]]}, "properties": {"sid": "637", "name": "ערערה"}}, {"type": "Feature", "geometry": {"type": "Polygon", "coordinates": [[[34.96866099670768, 32.278937404038004], [34.96731716405594, 32.282722306089624], [34.968860506807005, 32.28342575759268], [34.95968176520137, 32.28474557294987], [34.963252867825645, 32.28847160538032], [34.963247296525594, 32.290576418267165], [34.96665172779507, 32.29163528993672], [34.96709057267185, 32.28963652420629], [34.97204949738642, 32.288435473318486], [34.97074023107683, 32.29169553821856], [34.973711805155745, 32.2924903113788], [34.97277105044367, 32.29701396602178], [34.976239891158116, 32.29723075479552], [34.974261235167944, 32.295701169873155], [34.97525949073298, 32.29291409351066], [34.98063027166978, 32.29478155642374], [34.98035109692563, 32.30436447583992], [34.98396484989797, 32.30499112703893], [34.98382126503941, 32.30396740087491], [34.9914573410835, 32.30230573971818], [34.99139707931181, 32.29684712289645], [34.993223388348724, 32.296602072028065], [34.99104362686194, 32.29185322174885], [34.99128170888383, 32.28372785335779], [34.98753667647651, 32.28372147716448], [34.987193265856604, 32.280459803377255], [34.984600214628244, 32.2806993935622], [34.98613367562871, 32.27919936036227], [34.98175440084498, 32.27997593034496], [34.982704155972044, 32.2780452846622], [34.98064340716758, 32.27759556158594], [34.97510948021841, 32.277199110750416], [34.96866099670768, 32.278937404038004]]]}, "properties": {"sid": "638", "name": "קלנסווה"}}, {"type": "Feature", "geometry": {"type": "Polygon", "coordinates": [[[34.812160695459795, 32.1908182425679], [34.81688569122173, 32.19051718731839], [34.81528689357532, 32.18445676306919], [34.81595204295246, 32.18006320974939], [34.81840069813376, 32.17972981937572], [34.819512369899996, 32.1772817676395], [34.828966572949014, 32.1785564658083], [34.828976826119685, 32.179898622123744], [34.83283232675052, 32.179476541509246], [34.83380596787117, 32.18429044964461], [34.83720589713448, 32.18661631409168], [34.84228888872127, 32.18601675047273], [34.84217153978477, 32.183326933091564], [34.856528007561565, 32.17746060322429], [34.85687597594557, 32.17275658504843], [34.86455049980577, 32.170950088975474], [34.86296973716367, 32.16487046420059], [34.86468161106757, 32.15904425578782], [34.8527754963921, 32.160608877397806], [34.85249714093038, 32.155529581125336], [34.84961361317778, 32.14920280106844], [34.83351613166417, 32.15404618987981], [34.83553330202034, 32.15999097120641], [34.83264080982559, 32.16172060222408], [34.81878113384232, 32.16410569152447], [34.816684806059016, 32.15809577140277], [34.813226887610824, 32.15864484798141], [34.80918391700419, 32.152834336335616], [34.80672715533399, 32.15359142070753], [34.802608889888404, 32.1446230835885], [34.79155847654249, 32.146618168393786], [34.793571264502305, 32.15284346625299], [34.78934392837965, 32.159210275134114], [34.79161486763206, 32.1658251718942], [34.795393659689694, 32.16691873401243], [34.7976068759566, 32.17122005646047], [34.8049367373406, 32.192327418275795], [34.812160695459795, 32.1908182425679]]]}, "properties": {"sid": "6400", "name": "הרצלייה"}}, {"type": "Feature", "geometry": {"type": "Polygon", "coordinates": [[[35.49685232537456, 32.84179608132416], [35.504843618338384, 32.84261369726437], [35.50363922107323, 32.84544159205586], [35.50617393058246, 32.84784542952303], [35.509491843473825, 32.8420249111208], [35.51068403693881, 32.84213786147319], [35.51069459767757, 32.84009795895372], [35.52022395077478, 32.838445823416066], [35.516395843493456, 32.82817424004918], [35.51778693012278, 32.82213628176402], [35.50917431534242, 32.82854737506136], [35.511060556999155, 32.82982386018307], [35.50853040885136, 32.8372283751894], [35.49977488999923, 32.83803843952239], [35.50128582208305, 32.836154792409786], [35.50036012292139, 32.833667381844236], [35.50349268643839, 32.82996011646628], [35.49960851632005, 32.830033194476414], [35.500517149047255, 32.831965018271035], [35.492183910459175, 32.84057381363067], [35.49685232537456, 32.84179608132416]]]}, "properties": {"sid": "65", "name": "מגדל"}}, {"type": "Feature", "geometry": {"type": "Polygon", "coordinates": [[[34.94742532771676, 32.438080582552914], [34.950274226174656, 32.436725131559626], [34.95889046432353, 32.423378317355514], [34.96429363254515, 32.41844238650697], [34.963825454481196, 32.416425424793545], [34.95719676212093, 32.4121766020686], [34.94582626297171, 32.41143960225588], [34.942507403094226, 32.42543337794808], [34.928484450696885, 32.42447295776083], [34.92852887720596, 32.41965809094819], [34.92446676273096, 32.41997497606434], [34.92393887597842, 32.41373264684421], [34.91330738842527, 32.41471231432189], [34.91490545582218, 32.42377040917711], [34.9040874857489, 32.42560705592092], [34.90522789535112, 32.42928715367924], [34.90017623614443, 32.42992674342452], [34.900048014404376, 32.4354192323118], [34.89812531513127, 32.435880063813954], [34.89286456894473, 32.433353510256325], [34.88897242273919, 32.41616717997141], [34.87102528938567, 32.42127541912532], [34.88260746556216, 32.464079839912756], [34.90424917126228, 32.46818935315616], [34.90941432491121, 32.46187845782464], [34.91762760473023, 32.459653434358586], [34.92174017207134, 32.45483663580217], [34.9260025331904, 32.45593161075527], [34.944448250686264, 32.4446827979728], [34.94600327473137, 32.43763387580276], [34.94742532771676, 32.438080582552914]]]}, "properties": {"sid": "6500", "name": "חדרה"}}, {"type": "Feature", "geometry": {"type": "Polygon", "coordinates": [[[35.043379015928906, 32.512245214744894], [35.05117415146594, 32.51724509278688], [35.05853946772231, 32.51774106979457], [35.059888341074156, 32.514821418074064], [35.068012600601094, 32.512475659723975], [35.06847430444566, 32.50946140651877], [35.06455858610991, 32.50701310656967], [35.066799279363295, 32.501542291343696], [35.063703963966816, 32.50018849959963], [35.065223391946006, 32.49816725261667], [35.06340515072719, 32.49717896693585], [35.061838887854435, 32.49957620607711], [35.059485034706654, 32.49908474456538], [35.046643043241886, 32.490996814951075], [35.04541672230397, 32.494170053005575], [35.03428768932548, 32.49455978230816], [35.03207984380981, 32.50078508466396], [35.03428500844643, 32.504260043466275], [35.02980200945524, 32.50454360870066], [35.03041557102182, 32.506681740569945], [35.03302617162058, 32.50655049081257], [35.033516365088246, 32.507803305778], [35.03036918758801, 32.50938308366244], [35.03754521723806, 32.51079630440597], [35.041599289075975, 32.50891441906526], [35.04475817484996, 32.51018820801943], [35.043379015928906, 32.512245214744894]]]}, "properties": {"sid": "654", "name": "כפר קרע"}}, {"type": "Feature", "geometry": {"type": "Polygon", "coordinates": [[[35.30378574531596, 32.60809669680515], [35.307164040488146, 32.610354183099105], [35.313066559074514, 32.6083612143986], [35.30846180626742, 32.60066518954693], [35.30646219247626, 32.60139590040052], [35.30378574531596, 32.60809669680515]]]}, "properties": {"sid": "66", "name": "מרחביה (קיבוץ)"}}, {"type": "Feature", "geometry": {"type": "Polygon", "coordinates": [[[34.765451599112055, 32.03615507099977], [34.76928619680058, 32.03489962641669], [34.77030079304723, 32.03219820058655], [34.77176526345619, 32.033833221126315], [34.77532565155764, 32.032374633182826], [34.77487324220641, 32.028830369925686], [34.78246046437897, 32.027400761735805], [34.78541052037929, 32.02323860487775], [34.789230225294716, 32.021890401520864], [34.792902952209545, 32.03153280389586], [34.80596712748098, 32.02100458729194], [34.81493981372148, 32.00963399371386], [34.80583863054841, 32.000468147487084], [34.80617585023538, 31.997510263787717], [34.8016514113836, 31.99679173245255], [34.7994150546611, 32.00214254034603], [34.78445168120015, 32.003207221636046], [34.78395851007724, 32.00508458878278], [34.77387977822923, 32.004478117471194], [34.77329577108304, 31.99989987577868], [34.77763731391099, 31.99533071364158], [34.774525597578304, 31.992897829871026], [34.76490568095244, 31.996712892486073], [34.76129801369245, 31.993078163726352], [34.75808934055067, 31.99511778206005], [34.758948891877935, 32.00157140969287], [34.755064253212765, 32.00225008217558], [34.757253476466815, 32.008245563681896], [34.7609374494038, 32.00760088017654], [34.76146529119029, 32.00960215771346], [34.75911062955197, 32.03615680399338], [34.765451599112055, 32.03615507099977]]]}, "properties": {"sid": "6600", "name": "חולון"}}, {"type": "Feature", "geometry": {"type": "Polygon", "coordinates": [[[35.00040881051825, 32.283496844503816], [34.99242995158107, 32.28435699388024], [34.99266289127945, 32.2940280261725], [34.99419167310725, 32.295704346278626], [35.000835270831146, 32.29481635928761], [35.005989876331796, 32.29057816025397], [35.00040881051825, 32.283496844503816]]]}, "properties": {"sid": "661", "name": "שער אפרים"}}, {"type": "Feature", "geometry": {"type": "Polygon", "coordinates": [[[35.29471892164099, 33.00039487142624], [35.29297283662714, 33.00245091407845], [35.295700137751226, 33.004454642268], [35.30127177866973, 32.998403845261294], [35.30644499204283, 32.998007876462395], [35.30848196816834, 33.00055837896605], [35.31165224295671, 33.00003085014367], [35.30829576803529, 32.994661210446566], [35.302558782262054, 32.99586748279813], [35.301195805741884, 32.993946412197204], [35.2943631759199, 32.9954752542796], [35.293849335678374, 32.993823063883326], [35.291743499363065, 32.99422534592304], [35.28951774205018, 32.99862541662975], [35.29293434564357, 32.999847117750335], [35.29396844728609, 32.99776846794049], [35.29471892164099, 33.00039487142624]]]}, "properties": {"sid": "662", "name": "חוסן"}}, {"type": "Feature", "geometry": {"type": "Polygon", "coordinates": [[[34.86039743599292, 31.2753717272235], [34.8618858544487, 31.269104404944358], [34.859019977689854, 31.26572728428681], [34.85703160272635, 31.26553102163939], [34.856221359428275, 31.262258784415394], [34.8401351994799, 31.25479655811472], [34.837889872919334, 31.25503120382706], [34.836611969566775, 31.259004331284928], [34.83941249888778, 31.26033792515517], [34.83856150550912, 31.262745659384734], [34.84010187869882, 31.263473093108814], [34.83840958663319, 31.265757942175355], [34.83476343468482, 31.265385984375712], [34.83243353767767, 31.26792289542533], [34.829244889739925, 31.27730031076078], [34.83338295106239, 31.277843910468164], [34.839008457774185, 31.275894247721396], [34.84402011333759, 31.2703771138128], [34.84737156644468, 31.27224092817636], [34.847133096815014, 31.27569352983261], [34.8560260788405, 31.282196036517917], [34.86039743599292, 31.2753717272235]]]}, "properties": {"sid": "666", "name": "עומר"}}, {"type": "Feature", "geometry": {"type": "Polygon", "coordinates": [[[35.52566587078337, 32.77961414827439], [35.520822295812366, 32.774912254297135], [35.514425084450124, 32.77357005031763], [35.500800996668715, 32.776470391795215], [35.496518970074476, 32.78465874600437], [35.49867126536668, 32.786428692730055], [35.50861094673786, 32.787436053031456], [35.51606945254326, 32.79044235083387], [35.51928784645702, 32.80247265918592], [35.52780799384391, 32.80644359679462], [35.540826170591345, 32.79717817403355], [35.54855306467226, 32.76913793766573], [35.55806062269966, 32.76140744180003], [35.552920594310024, 32.76183696070723], [35.545189752205374, 32.76974428756887], [35.54374288602543, 32.7740697658071], [35.538391229171964, 32.77664471098467], [35.5384968149761, 32.77811796057546], [35.53447056276633, 32.78153418915156], [35.53173471088826, 32.78243222246914], [35.52829063570431, 32.77965355386846], [35.52566587078337, 32.77961414827439]]]}, "properties": {"sid": "6700", "name": "טבריה"}}, {"type": "Feature", "geometry": {"type": "Polygon", "coordinates": [[[34.93028015310665, 32.63550274385659], [34.93088195603747, 32.638604877013506], [34.9357779668797, 32.63850868732612], [34.93352637564175, 32.63432473719689], [34.93083726872504, 32.63389052922457], [34.93028015310665, 32.63550274385659]]]}, "properties": {"sid": "675", "name": "הבונים"}}, {"type": "Feature", "geometry": {"type": "MultiPolygon", "coordinates": [[[[35.076375106725834, 32.781200058635875], [35.0764040442113, 32.7749497200536], [35.07395462190834, 32.77430136281771], [35.07069572792557, 32.77401403751787], [35.06884629552019, 32.77933471542485], [35.06534260068054, 32.77987076712225], [35.07497941736625, 32.787621560686546], [35.07631211461245, 32.78674570375125], [35.076375106725834, 32.781200058635875]]], [[[35.10732032327434, 32.817377797947074], [35.10884776870961, 32.81641475533672], [35.11629864106948, 32.820574690869364], [35.12399844577169, 32.82167603931782], [35.12473923173019, 32.817641550217445], [35.12254238402386, 32.815706213670865], [35.127215529373245, 32.81439409920836], [35.13235724309237, 32.809244159390516], [35.13987908365283, 32.81012361271462], [35.13613106099973, 32.81262664720208], [35.13455212667935, 32.815789257967936], [35.141145270637764, 32.81734587471237], [35.14123287719559, 32.81332357322435], [35.143073433292386, 32.81137772899905], [35.138625205688754, 32.809478812297414], [35.14342964126496, 32.8059636286186], [35.144821167662826, 32.80908064285745], [35.14693111387987, 32.80933856122567], [35.145579496696485, 32.80511097778947], [35.14276433360715, 32.802987855605124], [35.14369603124692, 32.80103740595155], [35.14073030096267, 32.795148240498975], [35.13417663184612, 32.798271246021216], [35.12847053958376, 32.806252929729], [35.122676134795825, 32.80670821960871], [35.11963091883189, 32.80316568304988], [35.119255618252225, 32.805707161756175], [35.11744378650161, 32.806403139893064], [35.11381901863285, 32.800758478521004], [35.10553963054957, 32.79579211461447], [35.10216816662762, 32.79648302237365], [35.10210148459589, 32.79439279559108], [35.10067656816915, 32.794401329257994], [35.10018890179646, 32.79647251559419], [35.09771425171141, 32.796462537616094], [35.09771682467175, 32.793477401760754], [35.092888873622655, 32.793482097121114], [35.09279906912178, 32.79208955538871], [35.09041802856922, 32.79193269024154], [35.087879323372135, 32.78627041564721], [35.08500338679693, 32.78633517133113], [35.08538356529937, 32.79835458349726], [35.08359283973783, 32.798672905730086], [35.08369679327245, 32.80281480715769], [35.081023545000676, 32.80252692247956], [35.081326970863074, 32.80013090102034], [35.0804068645852, 32.80244449691605], [35.077338984806374, 32.802073266667946], [35.077569838976956, 32.8006634093889], [35.07028210453552, 32.79995224350131], [35.0700565635596, 32.79839773296908], [35.06933414805252, 32.799839688850625], [35.06244643115792, 32.79893102644576], [35.05606274829722, 32.80423223313113], [35.07805808900963, 32.81055595099639], [35.08372751861015, 32.805299027827914], [35.08517942099354, 32.80910594438387], [35.09075651360229, 32.8081626994491], [35.09187011891089, 32.81465589095666], [35.09731445629717, 32.81299707885216], [35.10732032327434, 32.817377797947074]]], [[[35.143472513745564, 32.82089568228997], [35.13937115915172, 32.81952154788121], [35.13564063820496, 32.82102658221106], [35.14086066039124, 32.82267131992552], [35.143472513745564, 32.82089568228997]]]]}, "properties": {"sid": "6800", "name": "קריית אתא"}}, {"type": "Feature", "geometry": {"type": "Polygon", "coordinates": [[[34.852166025841484, 32.0861205854967], [34.85616613565867, 32.08583574682228], [34.85527660453175, 32.080224279427], [34.86013097676323, 32.08023280499998], [34.86007922437676, 32.06822165130819], [34.84498237803439, 32.065829612946345], [34.8455849067181, 32.07126463515482], [34.8501626465889, 32.069365673487084], [34.851134699506815, 32.0730559245913], [34.8468380013727, 32.07496024262116], [34.843491233733516, 32.07267511566408], [34.84609381417823, 32.09015516452928], [34.84800014489082, 32.08954015775214], [34.848002944480356, 32.08682899945882], [34.852166025841484, 32.0861205854967]]]}, "properties": {"sid": "681", "name": "גבעת שמואל"}}, {"type": "Feature", "geometry": {"type": "Polygon", "coordinates": [[[34.90620653310509, 32.19124621104385], [34.90722284166088, 32.19053972522818], [34.9124011505927, 32.196353806283184], [34.91333083285173, 32.194612161222324], [34.920108345024175, 32.19226992281875], [34.9192076398208, 32.18967828352601], [34.93323255184083, 32.185564047043215], [34.935845979908095, 32.18875458445655], [34.93292660158147, 32.192033173592165], [34.936990796188354, 32.194606270662916], [34.93677640320851, 32.19312915488666], [34.942122915939876, 32.193477399362564], [34.95153791754092, 32.18959186946927], [34.95256997142707, 32.19195997597217], [34.955999459607426, 32.19060553671619], [34.95697900837462, 32.18532284167583], [34.95399700215995, 32.17948657974193], [34.95325522424923, 32.181489430193096], [34.950533163474745, 32.182119748827404], [34.93448646397917, 32.17491399658371], [34.9293265245995, 32.1704616168102], [34.9308290147473, 32.16432204412706], [34.939988097173, 32.16128391122356], [34.9376031265831, 32.15856454211996], [34.92643633017258, 32.164797162259276], [34.91568494590359, 32.16861074548956], [34.88953147369858, 32.17286671512687], [34.891308061018265, 32.17534376370378], [34.888422613213095, 32.177536965558545], [34.890015839559396, 32.18584847023078], [34.88521998261615, 32.197136278516496], [34.886463168540445, 32.200909975914726], [34.892765838672574, 32.2004886336436], [34.89265468516567, 32.19823085237198], [34.90098236234621, 32.197751120717726], [34.900653005431934, 32.1940540779334], [34.89772774463978, 32.19379648152244], [34.897736553499215, 32.19253235668299], [34.90620653310509, 32.19124621104385]]]}, "properties": {"sid": "6900", "name": "כפר סבא"}}, {"type": "Feature", "geometry": {"type": "Polygon", "coordinates": [[[34.84990436759256, 31.995659528264696], [34.853194041771644, 31.99349262168721], [34.85406210608136, 31.989037924360787], [34.859519821782385, 31.986380947522775], [34.85797656716488, 31.982816327211765], [34.85562675736901, 31.983113456920535], [34.85579127844477, 31.98486236490629], [34.843272957481076, 31.985746782488093], [34.84574058745818, 31.9950465485594], [34.84475895945849, 31.996914413469483], [34.84641365176867, 31.997644443536274], [34.84990436759256, 31.995659528264696]]]}, "properties": {"sid": "696", "name": "כפר חב\"ד"}}, {"type": "Feature", "geometry": {"type": "Polygon", "coordinates": [[[34.6288807366567, 31.76546238258294], [34.620163018108826, 31.766912404483946], [34.61894366062148, 31.765314319100582], [34.609549168959006, 31.769583462906553], [34.63412106913211, 31.81563571331759], [34.640981789278214, 31.81664776628145], [34.63594066832724, 31.824813298395043], [34.64466372345214, 31.841652990393243], [34.656884951579286, 31.84567496183007], [34.6604585480236, 31.852558959128714], [34.679183395297514, 31.851971303432947], [34.680921228132206, 31.853425316525204], [34.67899788044787, 31.856086570538878], [34.68113292584388, 31.86642236010391], [34.686482774160766, 31.861966111446918], [34.70027040455557, 31.86107787084711], [34.70110985963237, 31.849725649519144], [34.70933571647021, 31.85471639854302], [34.710506250663, 31.848310670600995], [34.70651491732963, 31.841357934521113], [34.69342780844664, 31.840844693228064], [34.69415943660874, 31.83359732036007], [34.69276335154751, 31.831513029103064], [34.678175655482164, 31.828129221086726], [34.67159579720834, 31.82838184784407], [34.668647467906396, 31.807242255225958], [34.66982824447797, 31.806755180607126], [34.670551066478595, 31.798952293813386], [34.670481662198995, 31.782697998413937], [34.66709258775279, 31.77932773508695], [34.66595859391401, 31.770613661491325], [34.658113927315924, 31.773774904388404], [34.65353104062507, 31.77749051097834], [34.64607306721831, 31.769927732379017], [34.63564614755171, 31.767502644831268], [34.63264547410938, 31.764830282391642], [34.6288807366567, 31.76546238258294]]]}, "properties": {"sid": "70", "name": "אשדוד"}}, {"type": "Feature", "geometry": {"type": "Polygon", "coordinates": [[[34.89378790648675, 31.93209879782131], [34.88822229372391, 31.9339770256193], [34.88878212259692, 31.93539362961235], [34.88442097364907, 31.93956748035498], [34.88056902354168, 31.939155395704972], [34.872295899236406, 31.942158468538537], [34.87069653141987, 31.939606203363667], [34.869373046828684, 31.939863928377633], [34.87489717656348, 31.948352702015654], [34.86907308605413, 31.94933553870419], [34.871782476280316, 31.95589885035173], [34.87416953509603, 31.95662616806328], [34.87521799891158, 31.963285940993444], [34.88591832507069, 31.960701449512328], [34.89018063762637, 31.966924029620316], [34.888839364445175, 31.96930062842131], [34.89802276094173, 31.97144258510724], [34.90381398842487, 31.965575028564785], [34.90819448089064, 31.951220455659552], [34.90741478756246, 31.94619433629964], [34.902761887750955, 31.942965545323716], [34.903496062793124, 31.939928890006342], [34.89919423132875, 31.933476287600627], [34.89378790648675, 31.93209879782131]]]}, "properties": {"sid": "7000", "name": "לוד"}}, {"type": "Feature", "geometry": {"type": "Polygon", "coordinates": [[[34.5967585269845, 31.633437944705463], [34.60024864925583, 31.63409557395164], [34.60330897203147, 31.632125061322597], [34.606283030037844, 31.63345459835108], [34.6084145959569, 31.631645187575373], [34.60591641511053, 31.629539891752643], [34.606331775990725, 31.628287119055358], [34.61112322355797, 31.63067950095825], [34.612358496347554, 31.628594040582584], [34.60207114786522, 31.620154467055045], [34.599733871021385, 31.621773123530886], [34.60293398171791, 31.62457670784886], [34.60243801640138, 31.625689679135462], [34.598950516553145, 31.62350438591875], [34.59653837654491, 31.624951573156636], [34.598463992319466, 31.62825133053451], [34.597458510701756, 31.629001916405343], [34.59940041229925, 31.629300071341277], [34.5967585269845, 31.633437944705463]]]}, "properties": {"sid": "706", "name": "גיאה"}}, {"type": "Feature", "geometry": {"type": "Polygon", "coordinates": [[[34.532326343585964, 31.630102714468762], [34.52523230692549, 31.637018223112534], [34.52445831080246, 31.64074166459619], [34.53012037855268, 31.645955040792558], [34.55074175392883, 31.67418009953201], [34.55344635976172, 31.680035085350937], [34.55669977147733, 31.684060280857352], [34.5611707690158, 31.68637355209779], [34.57335190446685, 31.70399125479264], [34.586757010028066, 31.698521151829766], [34.58336508473093, 31.692396280364107], [34.58675833203142, 31.692432709202194], [34.58430165399818, 31.683720504397797], [34.59016695054436, 31.680998787164356], [34.589495956473286, 31.67634539362507], [34.59514149288566, 31.680322616595504], [34.609931983374395, 31.681086411708577], [34.60642592511641, 31.661046034347066], [34.60093559550137, 31.656564543518925], [34.595490812051366, 31.64908376060714], [34.58998210389103, 31.634862942071152], [34.58021786586187, 31.640870322507453], [34.57425390289535, 31.6387223691421], [34.56171855416801, 31.631059107491865], [34.56943336495789, 31.63013091001352], [34.56826583450072, 31.62404818617489], [34.55348658104094, 31.625298992054866], [34.55297395668282, 31.631412565337655], [34.544609460358345, 31.63246965904756], [34.532326343585964, 31.630102714468762]]]}, "properties": {"sid": "7100", "name": "אשקלון"}}, {"type": "Feature", "geometry": {"type": "Polygon", "coordinates": [[[34.68110630141473, 31.820344688556588], [34.67826103621792, 31.82466003952925], [34.68103341585953, 31.827891696644542], [34.685286978910995, 31.828789827088883], [34.68981729663096, 31.827537872774656], [34.69007992834605, 31.825440339899842], [34.68749433519548, 31.822748544010153], [34.68555291023864, 31.823811124483882], [34.683641051393465, 31.820747105494547], [34.68110630141473, 31.820344688556588]]]}, "properties": {"sid": "720", "name": "ניר גלים"}}, {"type": "Feature", "geometry": {"type": "Polygon", "coordinates": [[[34.78078811927634, 31.90478409221214], [34.77836073575941, 31.906597789156706], [34.78129274236625, 31.91246821183853], [34.773543874250436, 31.912151670263427], [34.7732256932112, 31.915838883457752], [34.77858891894351, 31.9160993469074], [34.78001242433396, 31.92596763739658], [34.78204134523196, 31.92819767278445], [34.78424191613158, 31.927302011878396], [34.7875604180789, 31.937763798260733], [34.79208436410215, 31.937885936087127], [34.79256008478012, 31.94119031148375], [34.798202909736574, 31.941296676100762], [34.798428901272814, 31.937200988135146], [34.802191305884094, 31.93663697831397], [34.80646427630535, 31.93824441754589], [34.81245634758244, 31.93651783882723], [34.81359326421784, 31.922480431626695], [34.813137571441814, 31.921083191835862], [34.80939672897591, 31.920541914178045], [34.808669510189816, 31.915574945027743], [34.80660029696617, 31.913507311013632], [34.8036828674704, 31.913666093515474], [34.80255439097243, 31.911487857278814], [34.799651638412456, 31.912021536564737], [34.79648097062034, 31.90742817277203], [34.79350887673331, 31.906780330847653], [34.79357275377964, 31.90896638399147], [34.79168376469403, 31.909356532378126], [34.783591563300035, 31.904013852557284], [34.78078811927634, 31.90478409221214]]]}, "properties": {"sid": "7200", "name": "נס ציונה"}}, {"type": "Feature", "geometry": {"type": "Polygon", "coordinates": [[[35.27978957223104, 32.68974343750966], [35.28280327235319, 32.6927795316501], [35.280933767079716, 32.698976144733365], [35.28216180752145, 32.700236749626356], [35.28052354582502, 32.70152259489191], [35.28125803832785, 32.70630912226824], [35.277076157538716, 32.70602363338401], [35.27242312732551, 32.711038549889224], [35.27722643964853, 32.71238278723587], [35.28046969711886, 32.719102703227236], [35.279347866610806, 32.720805029028895], [35.28438928343871, 32.7224791098231], [35.284856877842685, 32.72460214387388], [35.28893246865857, 32.7216291821411], [35.29717046724335, 32.71988715756635], [35.30034754810089, 32.71622921910324], [35.306784837750115, 32.71573435995282], [35.306561015378634, 32.7140594580776], [35.30866923579663, 32.71298525296709], [35.30616520755831, 32.71113055952776], [35.30624019482917, 32.70915323993012], [35.31234968968647, 32.70819413095444], [35.31465735725129, 32.70554531546401], [35.31127816635433, 32.701940949615164], [35.30900401382422, 32.70206203613412], [35.30984561918001, 32.69935155143298], [35.30631063153049, 32.6954773035348], [35.301389043969266, 32.695534954574555], [35.298949167070475, 32.693545289083886], [35.303175476167326, 32.68823021395326], [35.30321223775462, 32.68411331098059], [35.295428065852605, 32.67969735824653], [35.28626894025945, 32.681330197031], [35.28788624955081, 32.67725073553305], [35.28592116073304, 32.6742092832319], [35.28143488641092, 32.68027193330312], [35.27978957223104, 32.68974343750966]], [[35.28832152411911, 32.69146269844481], [35.28711791016349, 32.687394064784314], [35.28985565331578, 32.686761588676404], [35.29160219698383, 32.691706413819986], [35.28832152411911, 32.69146269844481]]]}, "properties": {"sid": "7300", "name": "נצרת"}}, {"type": "Feature", "geometry": {"type": "Polygon", "coordinates": [[[34.8709632667414, 32.32822035378638], [34.877797578295656, 32.328066462697166], [34.87870615796288, 32.32669805876844], [34.87694126452777, 32.32428916261483], [34.88990890117492, 32.32346016845207], [34.89008609279898, 32.32120486930933], [34.89278674791012, 32.31892991458392], [34.891596827032004, 32.31894842083301], [34.88264991176408, 32.30192123907398], [34.884117748335484, 32.29486481206146], [34.873725603653725, 32.29522711473959], [34.86739653841954, 32.292750446575894], [34.86727122958365, 32.286853993916736], [34.87104360497841, 32.284106254799894], [34.866150129325035, 32.27492117747039], [34.8627920239328, 32.27275488782789], [34.85384812858831, 32.27222804698681], [34.83759088341259, 32.26654812139873], [34.83695071900053, 32.264917446383095], [34.84000642735481, 32.264388620738316], [34.83679411375738, 32.25480158422579], [34.830215040591725, 32.256454076794284], [34.83040204471865, 32.258647877597525], [34.82836091102729, 32.25894277968558], [34.846149280764735, 32.32104942599028], [34.847231832483146, 32.32551013078796], [34.84523204242487, 32.327204165739715], [34.84793056974007, 32.32848077946443], [34.84635874276182, 32.33034594820697], [34.84864124100051, 32.33155003790398], [34.85004195037578, 32.335096957758424], [34.85364038069906, 32.35213946396516], [34.86868747474722, 32.35348149077822], [34.86208431413985, 32.34803140492545], [34.86241802377282, 32.34605773477671], [34.87717591113943, 32.34402982561602], [34.872493988406916, 32.333538359807505], [34.87587664169371, 32.33311426920818], [34.87149134145227, 32.330602204628065], [34.8709632667414, 32.32822035378638]]]}, "properties": {"sid": "7400", "name": "נתניה"}}, {"type": "Feature", "geometry": {"type": "Polygon", "coordinates": [[[34.61062644345566, 31.619105878233768], [34.615583074899064, 31.62108061497844], [34.618039121608206, 31.619140126215882], [34.62210942351112, 31.61957699798012], [34.62654909946144, 31.612975001095492], [34.61809199454996, 31.610705840702053], [34.6154702108816, 31.613133520995234], [34.60975965078728, 31.61450119557378], [34.60892831209196, 31.616009226444703], [34.61062644345566, 31.619105878233768]]]}, "properties": {"sid": "744", "name": "תלמי יפה"}}, {"type": "Feature", "geometry": {"type": "Polygon", "coordinates": [[[35.28414206160693, 32.871548749175474], [35.290727504670656, 32.87402938514805], [35.300880608653245, 32.8733620396265], [35.30174002778011, 32.87150918530074], [35.31722157891278, 32.87348741501222], [35.316556859411605, 32.870302036110104], [35.320234480436966, 32.867749902236255], [35.314946520765375, 32.865604157605844], [35.31645526929532, 32.864567374185015], [35.31569279438702, 32.85859433975702], [35.31304546907319, 32.85453453743901], [35.308518487838, 32.8567685811052], [35.30054641878223, 32.85730836319044], [35.29958059366953, 32.855764396309894], [35.2885063689738, 32.85867631206219], [35.28282476794874, 32.86241887223321], [35.282776699185376, 32.86719984629593], [35.28057083127891, 32.870376504472176], [35.28414206160693, 32.871548749175474]]]}, "properties": {"sid": "7500", "name": "סח'נין"}}, {"type": "Feature", "geometry": {"type": "Polygon", "coordinates": [[[34.87185656512844, 31.912097217212875], [34.8782543214798, 31.906320522773967], [34.885333254925854, 31.90532556412353], [34.88411419331544, 31.901557511769795], [34.876492329257644, 31.89873284104783], [34.87414801701743, 31.900867312676382], [34.867324210443996, 31.902395929928275], [34.86695746511498, 31.905896377316026], [34.86407990256549, 31.909509171611035], [34.867140845873394, 31.913286335895748], [34.87185656512844, 31.912097217212875]]]}, "properties": {"sid": "757", "name": "מצליח"}}, {"type": "Feature", "geometry": {"type": "Polygon", "coordinates": [[[35.00279920581875, 32.323293342413876], [35.003254048735414, 32.32509323926166], [35.00147425353401, 32.3258521069892], [35.004975286380386, 32.32965481291933], [35.009136011517796, 32.327157494522794], [35.010675600498644, 32.32346989641866], [35.00279920581875, 32.323293342413876]]]}, "properties": {"sid": "758", "name": "יד חנה"}}, {"type": "Feature", "geometry": {"type": "Polygon", "coordinates": [[[35.07375213055644, 32.94582527411717], [35.0869716736039, 32.94449416327507], [35.089691234263114, 32.95157084302002], [35.09541721862979, 32.94374987175922], [35.09862154984472, 32.947539190381406], [35.103364180412655, 32.94744348992515], [35.10601700238283, 32.937723541708124], [35.110394549568866, 32.93648998302632], [35.109619250328194, 32.93353947736506], [35.10066533833475, 32.935823079071895], [35.09731747172401, 32.92998754918608], [35.09703066803098, 32.91233208755585], [35.09124353965768, 32.90572178992869], [35.090707317089084, 32.9026743940081], [35.093209091626306, 32.897894795908144], [35.09480627229169, 32.8881606303089], [35.090717734835664, 32.886211455894], [35.085526039495164, 32.88673594230994], [35.08293474913944, 32.88351275051309], [35.0762499399828, 32.88402139177384], [35.08106483377509, 32.90424276579108], [35.07955953234659, 32.91704773936175], [35.077553629596366, 32.91954492196061], [35.072401794906966, 32.92142972740004], [35.066368658786644, 32.918977906605164], [35.07003578292512, 32.9308467209994], [35.07203943017561, 32.93315769806935], [35.07375213055644, 32.94582527411717]]]}, "properties": {"sid": "7600", "name": "עכו"}}, {"type": "Feature", "geometry": {"type": "Polygon", "coordinates": [[[35.57343712402411, 33.019275376957125], [35.571692847546956, 33.02036582112578], [35.57239087883602, 33.02423110548119], [35.57408173648298, 33.0251090983063], [35.579533499571426, 33.026228544711614], [35.58254655308099, 33.02410046636351], [35.58842648609351, 33.02379286674744], [35.57395137795379, 33.01758107850401], [35.57343712402411, 33.019275376957125]]]}, "properties": {"sid": "77", "name": "איילת השחר"}}, {"type": "Feature", "geometry": {"type": "Polygon", "coordinates": [[[35.31186707660436, 32.622504162437224], [35.313535421522545, 32.62794492861559], [35.312218035234196, 32.62847154192815], [35.31579254898702, 32.631529766585516], [35.31514014120461, 32.63273599217234], [35.318905417351175, 32.63978878412513], [35.32311009955151, 32.637750676652445], [35.33302569977627, 32.63666022978583], [35.33858723501294, 32.63798936481737], [35.33474435007173, 32.630237971405336], [35.3298398172538, 32.628780226126594], [35.33293239151669, 32.62394648524213], [35.338411111783444, 32.620635154488866], [35.33315019922236, 32.61867001081242], [35.33282936338446, 32.61357320653832], [35.33032580818957, 32.61333283304384], [35.3231857217437, 32.618301804085036], [35.32183045601079, 32.61668072393633], [35.31769425538562, 32.61848748800719], [35.314433121191655, 32.610984472955124], [35.30203343879219, 32.60982655265332], [35.301249220075476, 32.60742894389068], [35.30319105422382, 32.60670413348902], [35.29527038951693, 32.59658096254145], [35.29414745643999, 32.6000780815383], [35.28960245638831, 32.60045510701764], [35.288830066454466, 32.59776389029133], [35.28350459965759, 32.59941498081679], [35.283856083491514, 32.59684296652972], [35.28115116739252, 32.59512826785533], [35.27897485210781, 32.59684595857419], [35.27551913250204, 32.59519514593927], [35.273717993690525, 32.596658256573335], [35.275781573560835, 32.599287435366875], [35.274910413784596, 32.60211467005604], [35.278832491226524, 32.6026518279196], [35.27778010456825, 32.605174276072034], [35.27612793755435, 32.60530236651107], [35.27515634688797, 32.61134201911892], [35.280679413624114, 32.618184099916334], [35.289136424106744, 32.62194944800865], [35.28935775445683, 32.61769015537641], [35.291233868847996, 32.61590893385028], [35.29671592290157, 32.61482433977153], [35.298594903432104, 32.61596719373108], [35.2977695209467, 32.61679421028464], [35.31186707660436, 32.622504162437224]]]}, "properties": {"sid": "7700", "name": "עפולה"}}, {"type": "Feature", "geometry": {"type": "Polygon", "coordinates": [[[35.0994345459676, 31.725275856795406], [35.10160996552753, 31.725458527089415], [35.103368420716095, 31.72775724010461], [35.10491397130278, 31.72699268596375], [35.104174410220935, 31.725222917303824], [35.10952949529002, 31.72512366632418], [35.110512820310475, 31.723027763020923], [35.1092780718256, 31.71917988864101], [35.10223364266852, 31.71974945357448], [35.0994345459676, 31.725275856795406]]]}, "properties": {"sid": "771", "name": "מבוא ביתר"}}, {"type": "Feature", "geometry": {"type": "Polygon", "coordinates": [[[35.11953180364986, 31.80495031320646], [35.11722183112266, 31.805833805385873], [35.118133147426875, 31.808375637525728], [35.11421884192606, 31.80983848645701], [35.114006847438134, 31.814998942047566], [35.11711857815993, 31.812545647263846], [35.12041370672722, 31.813905359244984], [35.12011082855196, 31.81274729055508], [35.126191284300376, 31.81031566853335], [35.12317601036466, 31.809774773087383], [35.11953180364986, 31.80495031320646]]]}, "properties": {"sid": "78", "name": "קריית ענבים"}}, {"type": "Feature", "geometry": {"type": "Polygon", "coordinates": [[[34.978789901732625, 32.48008289980601], [34.9818611476739, 32.48201960871802], [34.98692081264545, 32.48161032185891], [34.987840085251776, 32.486183938338115], [34.99178442631029, 32.485822921690556], [34.99308451323975, 32.48750426900688], [34.99743592342918, 32.47868635698984], [35.002369782239725, 32.47909005276375], [35.00331961290988, 32.46958117363232], [34.997732410122694, 32.468249486324794], [34.9917781319553, 32.46304794160926], [34.989545831175235, 32.464494754729174], [34.99155534920004, 32.46650697161948], [34.98437305487266, 32.47058517046929], [34.98268635389218, 32.46373639242063], [34.97704082737232, 32.46032452555647], [34.968560444409036, 32.46015430907414], [34.96347597703476, 32.45179484715453], [34.959628574798955, 32.451994510138604], [34.96517493757335, 32.46447746526286], [34.9566055415126, 32.46337850631306], [34.95570082982948, 32.46074806756934], [34.95159764511527, 32.46058527049388], [34.949951840804886, 32.46212822473785], [34.94840725249276, 32.460114949345495], [34.94569999725712, 32.46126256611461], [34.951200000879396, 32.472336075849284], [34.9508623908867, 32.47448664534244], [34.95506134260694, 32.4801609762481], [34.958563945669596, 32.48016061921726], [34.958661308972296, 32.48552741076145], [34.962608436130495, 32.48554715267903], [34.96236266220717, 32.48912854084955], [34.96711836262239, 32.48844820731898], [34.972861635556114, 32.48985053547386], [34.97194017669784, 32.4981249143334], [34.97401395577947, 32.499003738132046], [34.98457356951468, 32.49697352310966], [34.97854317452794, 32.48738351163979], [34.97455095446304, 32.4866341344578], [34.978789901732625, 32.48008289980601]]]}, "properties": {"sid": "7800", "name": "פרדס חנה-כרכור"}}, {"type": "Feature", "geometry": {"type": "Polygon", "coordinates": [[[34.84831277711305, 32.08672107541736], [34.84800014489082, 32.08954015775214], [34.84609381777551, 32.0901551699252], [34.845781075836044, 32.095827171586734], [34.851022044132094, 32.11363549638111], [34.857713637774225, 32.11479343107203], [34.85770241693302, 32.112006822357046], [34.860844102273575, 32.11258914417374], [34.86229654065289, 32.11391532673099], [34.86165908499885, 32.11629984136465], [34.86479584115517, 32.11688477571187], [34.866700712268084, 32.11928033132227], [34.86786639102115, 32.12207669948015], [34.865477602809165, 32.12248040694527], [34.86598501109944, 32.12351840804814], [34.86964623748395, 32.12157715396256], [34.869085185532924, 32.1252035550001], [34.87166548797194, 32.126362394409], [34.874566255728155, 32.12015780523859], [34.875605720028034, 32.1209360479603], [34.874561607132534, 32.12177311893436], [34.880057247244224, 32.12716082691071], [34.891362154340015, 32.12304557509327], [34.89246760639497, 32.117425665761914], [34.89356459043353, 32.117924352426996], [34.89301302363219, 32.12252774096254], [34.90036955441144, 32.12229649198957], [34.903111647584524, 32.125160588090694], [34.90640127769689, 32.12330166783778], [34.90834662459707, 32.124371477961404], [34.90774882095138, 32.12659748258778], [34.91120135335984, 32.127317942069396], [34.91347530624046, 32.12313776999213], [34.91119865179638, 32.121948918407895], [34.91121545832681, 32.120109316491835], [34.91473442275543, 32.1191784318392], [34.91334853240892, 32.115817213893365], [34.9161875509148, 32.1149286945037], [34.91811463618154, 32.11196843389615], [34.90770817429285, 32.11162321563893], [34.907582625337966, 32.10826601496467], [34.90400103392062, 32.10759925849902], [34.91082944682154, 32.09881492986517], [34.91031735036546, 32.09725027138296], [34.91925781659501, 32.09448191980482], [34.92200647661764, 32.089541749552154], [34.9285541454575, 32.08554207230884], [34.92609315607433, 32.08114270307334], [34.920583026985184, 32.08288597230984], [34.918748660922006, 32.075766045066985], [34.91457569331362, 32.07760766686039], [34.91348212669885, 32.072503891941096], [34.91955838980789, 32.072144286329774], [34.92053801501743, 32.06792835810728], [34.903336505075686, 32.06843088307886], [34.90281319767098, 32.06678924083087], [34.89874633657422, 32.06844443586209], [34.9004736851125, 32.0544966838749], [34.89670239070284, 32.05479645399322], [34.89670611569471, 32.05718848695915], [34.89349422118141, 32.0571637484083], [34.894543765982064, 32.06862442527705], [34.86760759761262, 32.07087167548747], [34.86007936736894, 32.0682216764892], [34.86013103162185, 32.0802328508654], [34.85527769361073, 32.08022511129991], [34.85616614105464, 32.08583575221826], [34.84831277711305, 32.08672107541736]]]}, "properties": {"sid": "7900", "name": "פתח תקווה"}}, {"type": "Feature", "geometry": {"type": "Polygon", "coordinates": [[[35.50313887515904, 32.97613546408047], [35.508172159417654, 32.98747900605133], [35.512053034420035, 32.98720808258702], [35.51067983350754, 32.981930008263305], [35.511411573185626, 32.97314956380137], [35.5149277128437, 32.97042271053971], [35.5168528609708, 32.97100159784554], [35.51771899353679, 32.967723722771666], [35.52485477672661, 32.96418317911048], [35.521817727506175, 32.96325214157315], [35.51806095894614, 32.965774360398484], [35.51850850566308, 32.961350550287705], [35.51560314237116, 32.961148825158205], [35.51779676151136, 32.95900220368878], [35.52117787156158, 32.959353284626445], [35.5245521953276, 32.95420320451433], [35.52802275014983, 32.954122891458326], [35.528540054579935, 32.95669090915817], [35.53295617278917, 32.96046205607905], [35.53498378787157, 32.95544933212102], [35.53233219527465, 32.94576811320792], [35.52570559923407, 32.94542155496083], [35.523437856172166, 32.95035199364963], [35.52073133208535, 32.951001221429294], [35.51550072667726, 32.95608172189401], [35.505857718159234, 32.958389247365915], [35.50578855040135, 32.96295717833118], [35.50231021464475, 32.96082437224703], [35.50254574439066, 32.95532822221975], [35.50127137717237, 32.95397520569122], [35.49585119287832, 32.9532742480082], [35.494320214906054, 32.95106529722574], [35.497700609995206, 32.94934449395328], [35.49953798698857, 32.94184615717444], [35.5042625420827, 32.937267138467746], [35.49436059356657, 32.937504611648535], [35.49293424991578, 32.941361984667935], [35.49497548163322, 32.94435484659897], [35.49260703788457, 32.94485994273225], [35.49236420564364, 32.948286330949486], [35.489579968440864, 32.95114757709905], [35.487148031656375, 32.95836162199129], [35.47921226913098, 32.96616041147388], [35.48087799971995, 32.96693973697933], [35.48488232915622, 32.96471877754959], [35.482227641092834, 32.96667863950768], [35.48368023415554, 32.97126943033999], [35.489965736229806, 32.97211659890195], [35.490628407075405, 32.974685191268634], [35.49357279195084, 32.974764381071395], [35.49646234336251, 32.97800052310572], [35.49624210748732, 32.9758667925185], [35.497853967786455, 32.97483549766014], [35.500672402609325, 32.97435353658648], [35.50313887515904, 32.97613546408047]]]}, "properties": {"sid": "8000", "name": "צפת"}}, {"type": "Feature", "geometry": {"type": "Polygon", "coordinates": [[[35.14031384290956, 33.069654702802325], [35.14215461934026, 33.07545221204998], [35.13692744934235, 33.07680583022494], [35.135479344795954, 33.079381896857114], [35.153825421006445, 33.083633456219104], [35.15812236195751, 33.082445952718615], [35.15753709665972, 33.07645074820351], [35.15459622993211, 33.07362551540524], [35.15006537531684, 33.07292992397686], [35.15120424527976, 33.07197629996631], [35.14936166031242, 33.06891642775099], [35.14212482659951, 33.06752571613896], [35.14031384290956, 33.069654702802325]]]}, "properties": {"sid": "812", "name": "שלומי"}}, {"type": "Feature", "geometry": {"type": "Polygon", "coordinates": [[[34.662810580044265, 31.578437163844114], [34.66389465971082, 31.578006007271483], [34.66307056865185, 31.575027067745054], [34.65674779147747, 31.57483874701063], [34.655965446048526, 31.572427455962384], [34.64918630250588, 31.578232327060277], [34.649958168135015, 31.579679299360237], [34.65907325932352, 31.58098295030294], [34.66076944095698, 31.583360216400933], [34.66375133655498, 31.58181491132916], [34.662810580044265, 31.578437163844114]]]}, "properties": {"sid": "820", "name": "חלץ"}}, {"type": "Feature", "geometry": {"type": "Polygon", "coordinates": [[[35.09480693419272, 32.859359870561605], [35.093358094000905, 32.8492829229686], [35.08055152593221, 32.82913322671709], [35.07967355738879, 32.823008910133126], [35.0763849686914, 32.82368994333626], [35.071772721833725, 32.83132566684611], [35.069237578851244, 32.83177480985967], [35.08937057918894, 32.859928685460545], [35.094551233552636, 32.86067452021297], [35.09480693419272, 32.859359870561605]]]}, "properties": {"sid": "8200", "name": "קריית מוצקין"}}, {"type": "Feature", "geometry": {"type": "Polygon", "coordinates": [[[34.77112402525364, 31.94751823637756], [34.770570844169185, 31.948550972849148], [34.757527830844765, 31.948066867791795], [34.75531530795513, 31.95243718352924], [34.758012142746225, 31.96155319112694], [34.75536369867581, 31.973092127000086], [34.755771777745395, 31.985514439040173], [34.745564190135326, 31.99278453777623], [34.73246650972169, 31.996720850586826], [34.73041482878136, 31.995982842634135], [34.733282753296464, 32.00346041406692], [34.74488029528942, 31.997503782373713], [34.74616347316578, 32.0011893219297], [34.74815994472573, 32.00006693743927], [34.74655027337644, 31.99622646717779], [34.749042656293625, 31.99527893427546], [34.7513687410746, 31.996353619623903], [34.75765443650312, 31.992790163035636], [34.75808934055067, 31.99511778206005], [34.76179469037271, 31.99282456390256], [34.76490568095244, 31.996712892486073], [34.779585648359046, 31.990890694150266], [34.79660267137626, 31.989062892238735], [34.79581839510291, 31.98449502422602], [34.799715002845176, 31.98279933272306], [34.8035730044906, 31.993096185240802], [34.808139654821275, 31.992927922085983], [34.810051547840715, 31.991137867418672], [34.81149526369552, 31.993148717339466], [34.81337470377963, 31.993087065215946], [34.81474561771614, 31.998392586848468], [34.81758456877287, 31.999727810290267], [34.81843127148602, 31.998108475725644], [34.81983052216094, 32.003445141779935], [34.82627762611162, 31.994110839943346], [34.82330929678665, 31.98589122260188], [34.81639150296553, 31.97871022149957], [34.815901520838565, 31.974875534778164], [34.82657053620136, 31.969205904628836], [34.82608255326727, 31.96546110424663], [34.82739964187999, 31.96416038059715], [34.82596480233383, 31.95987184021328], [34.829108132534316, 31.957754111263284], [34.82859537057993, 31.956045476717406], [34.83106889291514, 31.95529758791338], [34.832583299979376, 31.951552206569147], [34.82739041843314, 31.948171136988435], [34.8308813267119, 31.946224041806147], [34.82691350705278, 31.943817064805728], [34.821540390576615, 31.944788950449777], [34.8206042278029, 31.93962762161749], [34.80466570775627, 31.94195170450763], [34.80506397342367, 31.94462736296248], [34.80104407852144, 31.945228014761142], [34.80046536118755, 31.9412875263983], [34.77994876132635, 31.941209852852467], [34.781517587266876, 31.944443280732855], [34.77903755204147, 31.94661639712905], [34.77112402525364, 31.94751823637756]]]}, "properties": {"sid": "8300", "name": "ראשון לציון"}}, {"type": "Feature", "geometry": {"type": "Polygon", "coordinates": [[[34.91038506571829, 30.99041536217925], [34.91830073648987, 30.9956848713598], [34.941460772097, 30.99927833652606], [34.94492957773787, 30.997793046811694], [34.93780539220512, 30.989943870113564], [34.95406875277075, 30.989449193525502], [34.9540930461572, 30.980142233777144], [34.952378311509904, 30.97918433618821], [34.93717868974477, 30.98173481980615], [34.933072420355984, 30.979114702581512], [34.93176598241422, 30.981723511730706], [34.92591105684983, 30.984882205049757], [34.91508642369956, 30.98448533153288], [34.910164679656305, 30.98582537803884], [34.90589256269169, 30.982333489499013], [34.90794990756223, 30.98025936597702], [34.90608920215499, 30.977292708491746], [34.90276370258289, 30.97983158635867], [34.90420585181863, 30.981601974651483], [34.901659418747215, 30.985701777015436], [34.91038506571829, 30.99041536217925]]]}, "properties": {"sid": "831", "name": "ירוחם"}}, {"type": "Feature", "geometry": {"type": "Polygon", "coordinates": [[[34.82942821743836, 31.90525967259589], [34.83008097415768, 31.903367213026513], [34.833202523677585, 31.904051623183932], [34.83432324262361, 31.900752444969385], [34.82782374417053, 31.899249369362963], [34.82676065198257, 31.897246478442298], [34.82926749599818, 31.892517585917915], [34.83279202812963, 31.89113033669571], [34.831917312434086, 31.889885462743962], [34.8338110931075, 31.886308208756873], [34.82815113336818, 31.879954890605745], [34.82504925921597, 31.88080624011593], [34.81842892695346, 31.8790377341042], [34.81962837165207, 31.870931085101574], [34.81451230389973, 31.866367720893663], [34.8129009310332, 31.86747901044805], [34.81463031024066, 31.869138097745065], [34.81362023668464, 31.871328462238807], [34.81015915262287, 31.872171870735315], [34.81170462676715, 31.87784471596092], [34.80470873492021, 31.87889829961688], [34.80494766140549, 31.880300073789442], [34.80266022498944, 31.8818078951183], [34.79862047845239, 31.881236980302447], [34.79890331973246, 31.884472687964205], [34.80402805065404, 31.8905586979256], [34.79836128664414, 31.891633614399836], [34.79633302315057, 31.883311816087485], [34.789763493590385, 31.881534833066155], [34.79093108789942, 31.87794501015412], [34.789189868217875, 31.876251698257306], [34.774997140006064, 31.882514518530286], [34.77805969130179, 31.887532118612455], [34.76743626257348, 31.892571770970505], [34.771343113593844, 31.900411187326483], [34.774143429775506, 31.900750200261598], [34.77520823067533, 31.899903257429457], [34.77407487085867, 31.898580528268837], [34.78418512304506, 31.896477724467445], [34.789967876216565, 31.90506891200073], [34.796508477284476, 31.90742014272547], [34.799651638412456, 31.912021536564737], [34.80255439097243, 31.911487857278814], [34.8036828674704, 31.913666093515474], [34.80660029696617, 31.913507311013632], [34.80899084515141, 31.917724183524285], [34.81122207753691, 31.917432535183423], [34.81107165243486, 31.914202713584416], [34.81747568965142, 31.915893960637845], [34.82845789571536, 31.908131506463917], [34.82942821743836, 31.90525967259589]]]}, "properties": {"sid": "8400", "name": "רחובות"}}, {"type": "Feature", "geometry": {"type": "Polygon", "coordinates": [[[34.82169377085091, 31.408814231391716], [34.82148501302299, 31.410799988428778], [34.817253221658916, 31.413419225217126], [34.81719144902621, 31.414910436067828], [34.82025760300604, 31.4169837564952], [34.82714299065657, 31.415942330773987], [34.82995982648487, 31.412498191738223], [34.8292786862624, 31.411007573540758], [34.8323188777141, 31.410334138709572], [34.83062953542475, 31.4077551348916], [34.82621193513273, 31.409238129536106], [34.82579877129632, 31.40698520010693], [34.82169377085091, 31.408814231391716]]]}, "properties": {"sid": "849", "name": "דבירה"}}, {"type": "Feature", "geometry": {"type": "Polygon", "coordinates": [[[34.872295899236406, 31.942158468538537], [34.88056902354168, 31.939155395704972], [34.88442097364907, 31.93956748035498], [34.88878212259692, 31.93539362961235], [34.88850278777346, 31.93377347756399], [34.89666083572905, 31.931435082862833], [34.890562880972254, 31.925054485576084], [34.896378649155395, 31.924342761209516], [34.896073334716675, 31.921760575590156], [34.89825828709036, 31.921106408733806], [34.89745357102555, 31.919020880908988], [34.90736224197394, 31.916208710763442], [34.9021632450378, 31.914413467007932], [34.90132831175225, 31.915730682425078], [34.898665871532785, 31.914908010496333], [34.89557645928625, 31.912215306291387], [34.89737400350748, 31.91176587279682], [34.89685497327844, 31.909589087166694], [34.89240734372396, 31.91135482056859], [34.884147872926064, 31.91959039458112], [34.87652488381639, 31.91965514037247], [34.87438197294972, 31.916038369275384], [34.87680602267983, 31.913800892896916], [34.87615417517509, 31.910903013763118], [34.86390384948311, 31.917706495658308], [34.841869371174596, 31.921385301090822], [34.841556369331045, 31.925591016612202], [34.84276985154747, 31.926538863377914], [34.85011896202053, 31.92732418916006], [34.85072941103357, 31.934659523818027], [34.852386578278015, 31.936432475178663], [34.854504139954145, 31.936212446147522], [34.85494431133094, 31.940150588179165], [34.86409210906362, 31.941623072446873], [34.86620588099669, 31.93844079710516], [34.86914281319031, 31.93836097238102], [34.872295899236406, 31.942158468538537]]]}, "properties": {"sid": "8500", "name": "רמלה"}}, {"type": "Feature", "geometry": {"type": "Polygon", "coordinates": [[[34.98618151596423, 31.867690880829514], [34.98009743325002, 31.86762979437958], [34.97883877448993, 31.874709461672353], [34.98102136164658, 31.874064299727706], [34.982577083565616, 31.87585076430139], [34.98256345973596, 31.873806515358467], [34.98766491530364, 31.87205514233102], [34.98618151596423, 31.867690880829514]]]}, "properties": {"sid": "856", "name": "שעלבים"}}, {"type": "Feature", "geometry": {"type": "Polygon", "coordinates": [[[34.81676662997603, 32.058630347512576], [34.818849154065276, 32.05915760473971], [34.8196947793906, 32.062329096310805], [34.814888464231274, 32.064755220776874], [34.820002659595104, 32.08032290537784], [34.81310059581591, 32.07800856394414], [34.8121345278862, 32.079920143100196], [34.80142442249917, 32.07888741292379], [34.801378700966325, 32.08156568570786], [34.7985071683712, 32.08197878479314], [34.80190531877548, 32.09363978294965], [34.80391022417757, 32.09091450530025], [34.807517884243, 32.09008963183112], [34.80933902757414, 32.09098825780188], [34.80980378641567, 32.09632835027321], [34.81329710487756, 32.09645321574334], [34.81551628275031, 32.09860517019251], [34.8194423657726, 32.09646419826419], [34.822305254983576, 32.099197666938835], [34.82104179654175, 32.101589198982424], [34.82469493082647, 32.10278269466568], [34.82341694113899, 32.10430738637683], [34.82789443897724, 32.10591889504104], [34.828453236327846, 32.09901800487705], [34.821410193925374, 32.096736168539394], [34.82276646779832, 32.09093389018693], [34.82209006160713, 32.084868990911275], [34.82506933388271, 32.084745513994335], [34.82770049208409, 32.07540581262822], [34.832375832678565, 32.07593653314456], [34.832934709169535, 32.07186794714812], [34.84105212575503, 32.068946460810594], [34.8468380013727, 32.07496024262116], [34.851134699506815, 32.0730559245913], [34.8501626465889, 32.069365673487084], [34.8455849067181, 32.07126463515482], [34.84498237803439, 32.065829612946345], [34.85371312326208, 32.051683902190405], [34.85022715405995, 32.05002798140629], [34.85166164287057, 32.04857789475409], [34.85005828116482, 32.048297818889296], [34.85041674643577, 32.04574180713877], [34.847065672842575, 32.041602279921335], [34.840059087157215, 32.04245345586236], [34.84161632263522, 32.05072364747838], [34.83780906523623, 32.051834079079526], [34.839559672041275, 32.04629177494553], [34.83747944661923, 32.04146375554791], [34.83022301937689, 32.04273891776688], [34.82903343844248, 32.03834800395725], [34.813321662664634, 32.044592692998435], [34.813765015842876, 32.051055550373405], [34.81043786151815, 32.05489418781656], [34.811839036742185, 32.058600896514236], [34.81676662997603, 32.058630347512576]]]}, "properties": {"sid": "8600", "name": "רמת גן"}}, {"type": "Feature", "geometry": {"type": "Polygon", "coordinates": [[[34.92408859601193, 32.09731334533467], [34.92260281077114, 32.09371396532731], [34.92107508025083, 32.09353648232286], [34.9175036943401, 32.09985931255727], [34.92430699367287, 32.10308120033716], [34.92906245396915, 32.10177536853848], [34.92706547249361, 32.10011271093293], [34.92455914468883, 32.10057485634462], [34.92408859601193, 32.09731334533467]]]}, "properties": {"sid": "870", "name": "גבעת השלושה"}}, {"type": "Feature", "geometry": {"type": "Polygon", "coordinates": [[[34.87297763211211, 32.17231871593606], [34.8569255600666, 32.173020859824874], [34.856528007561565, 32.17746060322429], [34.84633592336422, 32.18341416013544], [34.84784737705485, 32.186418182653085], [34.84422522081735, 32.19011215964849], [34.84422596545602, 32.19646804896132], [34.847508919900804, 32.19647735694451], [34.84732788997019, 32.199721734970126], [34.84946109535332, 32.19957026845316], [34.849590562654384, 32.20091630534324], [34.85356213428514, 32.1970192038732], [34.855301972608004, 32.19819284342503], [34.859581717622234, 32.197598244063784], [34.863421079918965, 32.2027589766455], [34.86636841097345, 32.20252829514476], [34.866979796180715, 32.198443989898294], [34.88072499116544, 32.19944694172301], [34.8796891151606, 32.20924059028107], [34.881506833873345, 32.20967060471469], [34.88716513166554, 32.20377487421115], [34.886809927336344, 32.1990238898407], [34.88490057849896, 32.198874454892234], [34.890015839559396, 32.18584847023078], [34.888422613213095, 32.177536965558545], [34.891308061018265, 32.17534376370378], [34.88502531536608, 32.17132058807471], [34.87339719102761, 32.173740984758695], [34.87297763211211, 32.17231871593606]]]}, "properties": {"sid": "8700", "name": "רעננה"}}, {"type": "Feature", "geometry": {"type": "Polygon", "coordinates": [[[35.23972928967504, 32.67173924217235], [35.2349792765724, 32.6699094572557], [35.23469106633968, 32.671991532583206], [35.23205665708912, 32.67374180573978], [35.23305093585208, 32.6749145432716], [35.23048552618616, 32.67588279385592], [35.229238707900095, 32.6808290237405], [35.23137898285381, 32.68768061127122], [35.24532038652666, 32.691656986181044], [35.24988744245155, 32.690373067263295], [35.25168295420502, 32.69218315612778], [35.25298316254299, 32.691772123684586], [35.25183766907321, 32.689653909100684], [35.25458516267514, 32.68845055954574], [35.25657952982152, 32.68937162629959], [35.256208006394445, 32.68672978055497], [35.25172636987611, 32.68509767831523], [35.2492996122873, 32.681342454790524], [35.249668438647575, 32.680022998262814], [35.25525904177141, 32.68057706787744], [35.25628361779479, 32.675292629051626], [35.25965405918754, 32.67529119013636], [35.259793758075546, 32.67385800893999], [35.24604754146094, 32.67213297615598], [35.2433333551503, 32.668692292315484], [35.24518068314205, 32.66392912213132], [35.23913918422602, 32.663583304026304], [35.23608096316599, 32.661658017403624], [35.23657254158957, 32.66405762445987], [35.24063515338969, 32.666709516531], [35.23972928967504, 32.67173924217235]]]}, "properties": {"sid": "874", "name": "מגדל העמק"}}, {"type": "Feature", "geometry": {"type": "Polygon", "coordinates": [[[34.93123525380395, 32.27274359144366], [34.93148591824058, 32.27609728566125], [34.93807519691285, 32.276022144606316], [34.937610489332656, 32.27335185150679], [34.94061166189874, 32.273187430255746], [34.94052517050028, 32.271170844458936], [34.93123525380395, 32.27274359144366]]]}, "properties": {"sid": "880", "name": "עין שריד"}}, {"type": "Feature", "geometry": {"type": "Polygon", "coordinates": [[[35.17412379048062, 32.79069140008812], [35.16926454032631, 32.791104922754016], [35.169792943289735, 32.79596536540936], [35.16669814320477, 32.79763715203302], [35.16478147298665, 32.79283644864324], [35.16004032000484, 32.796338337644215], [35.157709453528526, 32.79329544822639], [35.15488583051672, 32.79503758431713], [35.15488499234857, 32.79655008301995], [35.15784814517582, 32.7965257644525], [35.15717670683961, 32.800978713496875], [35.16039742280287, 32.80194125518483], [35.156258060161406, 32.80514015899121], [35.154937544232325, 32.80211915727335], [35.153046693550095, 32.80196094853898], [35.15261959831588, 32.8036252474073], [35.15424365791853, 32.80466058112097], [35.14795457384457, 32.810191161692785], [35.14973833055956, 32.811541534214484], [35.15020410383636, 32.813367804580594], [35.148821742429504, 32.81429664417482], [35.151062709976145, 32.818228080861275], [35.158631332370135, 32.820980373245675], [35.1552192370782, 32.823633319322255], [35.155867037633755, 32.8281979524736], [35.162701279940165, 32.82118798623662], [35.17067883306174, 32.82050307155953], [35.17092422207526, 32.817341450947254], [35.1737741070894, 32.81452415736402], [35.17990413077109, 32.81634782689076], [35.18319317362614, 32.81535357151017], [35.18575838004523, 32.81161497015478], [35.18703156285642, 32.8127899011331], [35.19412618317688, 32.81169569420098], [35.19103114567088, 32.80579817494589], [35.18557808036417, 32.80641607214409], [35.18289258602408, 32.805178453023245], [35.186636624680546, 32.80387312304623], [35.18574213559111, 32.80029890876767], [35.18302662817638, 32.80120946514478], [35.18301683366002, 32.79901752054218], [35.19729880429645, 32.79487022767893], [35.20372758815773, 32.79542029980706], [35.20348348157745, 32.79280845004996], [35.19752772312597, 32.79240701786961], [35.19591488976039, 32.79072394385497], [35.19693389898032, 32.78801947921562], [35.186273182561365, 32.78847938171816], [35.17585284053621, 32.79234749803868], [35.17412379048062, 32.79069140008812]]]}, "properties": {"sid": "8800", "name": "שפרעם"}}, {"type": "Feature", "geometry": {"type": "Polygon", "coordinates": [[[35.20232132546886, 32.85712208211845], [35.215615959209174, 32.85315484432067], [35.208856803998344, 32.84408265079372], [35.20038894499385, 32.843670269367465], [35.192979054739624, 32.84779373109586], [35.18841910525754, 32.848549280325074], [35.18613857293684, 32.851504448971184], [35.18524330953119, 32.849373624992836], [35.1829631621203, 32.85019803441179], [35.17266246140355, 32.84484459510202], [35.16893094130995, 32.84713388142353], [35.16642358468073, 32.84152192749502], [35.16059023025497, 32.842035340558596], [35.16099357799129, 32.84947894100037], [35.15881854693845, 32.85806673808952], [35.16119057358617, 32.86287718923097], [35.16431024981824, 32.865340287524305], [35.177267709737066, 32.868321135412145], [35.184945469357956, 32.86389819044916], [35.18937056100265, 32.86782307467519], [35.1939714035575, 32.86824642783046], [35.195294369239775, 32.863413019695145], [35.19924796072485, 32.8623653068135], [35.196479229632814, 32.860303208126595], [35.20232132546886, 32.85712208211845]]]}, "properties": {"sid": "8900", "name": "טמרה"}}, {"type": "Feature", "geometry": {"type": "Polygon", "coordinates": [[[35.427953300204706, 32.51730130491137], [35.42701037183127, 32.51547341486628], [35.425472142625324, 32.51565781095928], [35.417579464820506, 32.52120753180219], [35.420059931720516, 32.52219342708503], [35.42290151689156, 32.52082544134112], [35.42390794279737, 32.52276253876022], [35.42981392107566, 32.52121805926606], [35.427953300204706, 32.51730130491137]]]}, "properties": {"sid": "90", "name": "חפצי-בה"}}, {"type": "Feature", "geometry": {"type": "Polygon", "coordinates": [[[34.74805221583716, 31.25282637913415], [34.743979328383375, 31.25351421390991], [34.74233250963766, 31.258283552543958], [34.74475321658775, 31.260898052603125], [34.74737375199709, 31.26011992409525], [34.76454193935905, 31.27373725886747], [34.768059711286696, 31.271796314148617], [34.774675859003764, 31.273221075891968], [34.77804184605441, 31.27573844017695], [34.788759745865605, 31.274575153620503], [34.79468699490894, 31.275922477440417], [34.79240922080896, 31.280280338466923], [34.790768192797884, 31.29308657828301], [34.811235758023884, 31.293417830068847], [34.82583019630658, 31.280731433009294], [34.83025300097529, 31.265738798306927], [34.82503717052907, 31.2464250749573], [34.82192127414754, 31.242177773885203], [34.81553074205016, 31.240096841596028], [34.81593929056584, 31.236525388236146], [34.810993715387724, 31.228747186933163], [34.824498222115324, 31.22565476825298], [34.82628180256319, 31.217143451309255], [34.825162360654474, 31.213342889362877], [34.824159945724944, 31.211590130480204], [34.80138063001209, 31.2114695925477], [34.79727187939375, 31.226264864731775], [34.781177165094164, 31.22253645629246], [34.774448790978965, 31.218430279533834], [34.767327234164554, 31.220734369595505], [34.75865896394009, 31.218581060767406], [34.753307233342184, 31.224837424807333], [34.748314636211546, 31.22757287828574], [34.74816888758414, 31.241601434358756], [34.744338937591976, 31.241497252396357], [34.74327412410162, 31.24629584597659], [34.7481053513809, 31.247714790904922], [34.74805221583716, 31.25282637913415]]]}, "properties": {"sid": "9000", "name": "באר שבע"}}, {"type": "Feature", "geometry": {"type": "Polygon", "coordinates": [[[35.104322539353745, 32.998917054178776], [35.10264954763858, 32.994095888514494], [35.09742178588675, 32.99536251976451], [35.09654636961932, 32.988026061853304], [35.09511488634297, 32.98731002074089], [35.08164401875649, 32.98832469163125], [35.09546287721008, 33.03026595570935], [35.09714784789492, 33.04105148543778], [35.09967909231631, 33.04364893345155], [35.106083759957585, 33.04361089842428], [35.10396895470353, 33.02684256313381], [35.11328857690637, 33.025755440161504], [35.113185608129356, 33.021218590665455], [35.10839003537188, 33.01768195275997], [35.10478759946818, 33.01754636557234], [35.10380144428126, 33.01526690704219], [35.106757070682306, 33.014693091013385], [35.10647190735267, 33.01151453616694], [35.11842352592504, 33.011482731642786], [35.11969675280295, 33.0087270685994], [35.11883928700354, 33.00764103650471], [35.111839048733145, 33.00881457173517], [35.1084124105044, 32.99881451347909], [35.104322539353745, 32.998917054178776]]]}, "properties": {"sid": "9100", "name": "נהרייה"}}, {"type": "Feature", "geometry": {"type": "Polygon", "coordinates": [[[35.26311822522598, 32.661759707344686], [35.252066234469225, 32.662343009422386], [35.25226344500203, 32.66394030430166], [35.257891404165036, 32.66702829472007], [35.26682396715239, 32.66376051993211], [35.26311822522598, 32.661759707344686]]]}, "properties": {"sid": "92", "name": "גיניגר"}}, {"type": "Feature", "geometry": {"type": "Polygon", "coordinates": [[[35.497964594290636, 32.48341000916463], [35.492300604689206, 32.485104243765875], [35.48346523862989, 32.49160258029491], [35.48972032922984, 32.493966321488585], [35.48741510782099, 32.499195947534986], [35.48830353098322, 32.50749426544803], [35.49515128740205, 32.507718682271445], [35.49484651705319, 32.518927898803554], [35.49935493268407, 32.518864689054226], [35.49924053082589, 32.51562455492933], [35.50540611280189, 32.51186463334619], [35.50540198761166, 32.51062681367654], [35.5024120232963, 32.509727653508435], [35.50235268332972, 32.50726120883775], [35.51185185787699, 32.503585982706966], [35.515368576698506, 32.50368178928318], [35.51334491593519, 32.500934146393774], [35.51286061482557, 32.49588055364467], [35.510071758704726, 32.49432168949443], [35.50648203561752, 32.4953395233004], [35.508791015293184, 32.48561787626403], [35.501438681649915, 32.48542683508043], [35.497964594290636, 32.48341000916463]]]}, "properties": {"sid": "9200", "name": "בית שאן"}}, {"type": "Feature", "geometry": {"type": "Polygon", "coordinates": [[[35.09802483977461, 32.74491132229974], [35.096384719179525, 32.746824582288696], [35.09833615538929, 32.748828138707665], [35.095818699373524, 32.74871964719404], [35.09525640276081, 32.749513744963394], [35.096560265044275, 32.75231551265085], [35.100168955732784, 32.752794813529874], [35.095117435921, 32.75532855536858], [35.09488483706565, 32.758518105326345], [35.10845273610494, 32.7568528208011], [35.10932902831206, 32.7537112002118], [35.10612346052932, 32.7472771391287], [35.107430793296544, 32.74303786630452], [35.105388118167184, 32.742398475309415], [35.10448005920745, 32.74493402208748], [35.10211774523782, 32.74589629667679], [35.09802483977461, 32.74491132229974]]]}, "properties": {"sid": "922", "name": "רכסים"}}, {"type": "Feature", "geometry": {"type": "Polygon", "coordinates": [[[34.957777343749456, 32.55956077431034], [34.955431676230944, 32.55887065165928], [34.94804304594987, 32.56189738295791], [34.938276495763716, 32.5614376279442], [34.93988520214043, 32.56645831360032], [34.943372053577434, 32.56880177688055], [34.94234860710259, 32.57591474786739], [34.94557804379173, 32.5791436125877], [34.94395631343315, 32.579962923749974], [34.94905093505264, 32.5823043104956], [34.94596840441841, 32.58421759926284], [34.94604124590683, 32.587028585900555], [34.950485448144946, 32.590465492588464], [34.95259202100499, 32.590058391081925], [34.95536708332429, 32.58224839874464], [34.96170175852939, 32.57526801300844], [34.96089661528663, 32.57362112051834], [34.96435841790674, 32.57415762457475], [34.96256371824103, 32.57129882188315], [34.96616285543149, 32.568764799456005], [34.96561421952066, 32.56547186343579], [34.96821066928703, 32.563282921669554], [34.97557241523481, 32.56267480549792], [34.97716482409743, 32.568169034573316], [34.98484181839524, 32.5672758539975], [34.983379178106645, 32.557197426120354], [34.97839588895914, 32.55174759297711], [34.97245154380374, 32.55017500517238], [34.97077572372075, 32.554151874709305], [34.97356662489989, 32.55607144524106], [34.97058328948725, 32.55954210528398], [34.96749054165525, 32.56005936564725], [34.966284948291786, 32.55676640804336], [34.960780207940275, 32.5567558607944], [34.957777343749456, 32.55956077431034]]]}, "properties": {"sid": "9300", "name": "זכרון יעקב"}}, {"type": "Feature", "geometry": {"type": "Polygon", "coordinates": [[[35.30052574786504, 32.63021499552565], [35.30150250063997, 32.62735412259474], [35.29801344496457, 32.6280215337668], [35.29758993712596, 32.625718146974975], [35.29743590034656, 32.62746357548366], [35.2906608352294, 32.628456580806585], [35.2909919952844, 32.630391084580936], [35.29385978669984, 32.63040063448176], [35.29226052770122, 32.632695963348056], [35.29679344985789, 32.63178896199105], [35.295664939185656, 32.6342296123068], [35.29726491494392, 32.63244308298192], [35.300023700433485, 32.633645615952446], [35.301512772696356, 32.63198458701913], [35.30052574786504, 32.63021499552565]]]}, "properties": {"sid": "94", "name": "בלפוריה"}}, {"type": "Feature", "geometry": {"type": "Polygon", "coordinates": [[[34.89641074865716, 32.040535118301136], [34.89916879310539, 32.03722203027252], [34.89886458843006, 32.03184096199084], [34.905066037167956, 32.03091339853455], [34.90540137817112, 32.02454380445306], [34.88188178731468, 32.02686157769972], [34.87441463093052, 32.023160090465865], [34.87362107275436, 32.028044576496086], [34.86739116497034, 32.027939099509865], [34.86873043356269, 32.0332273667496], [34.87190810977148, 32.03379768801295], [34.875417117805796, 32.032060708634845], [34.87792965992594, 32.03649577645899], [34.883047076661285, 32.03833662033878], [34.88320354880477, 32.040453317766435], [34.89641074865716, 32.040535118301136]]]}, "properties": {"sid": "9400", "name": "יהוד-מונוסון"}}, {"type": "Feature", "geometry": {"type": "MultiPolygon", "coordinates": [[[[35.15341893193823, 32.74144240064635], [35.15404921370032, 32.74377881504034], [35.15927084567306, 32.74568941123738], [35.16232050158993, 32.74416358548115], [35.16161787566449, 32.73760250685024], [35.15713007429355, 32.7366704485824], [35.15559017684524, 32.73322414757638], [35.150604782384846, 32.73506376837827], [35.151415916011786, 32.73813697753951], [35.15420450863121, 32.73952078505624], [35.15341893193823, 32.74144240064635]]], [[[35.1524088556842, 32.74650656132877], [35.14831715171522, 32.74485323868606], [35.146262649601624, 32.7378091449761], [35.142802308379885, 32.7351857820982], [35.14511522528744, 32.73434898721604], [35.14280682657386, 32.732507295275525], [35.13800087743857, 32.73483112275818], [35.13515572465701, 32.733560992246055], [35.134669622205365, 32.731280542662944], [35.12819935171876, 32.72940118351784], [35.13177149485864, 32.73364285303529], [35.128938188846405, 32.734566705888824], [35.12980347784827, 32.736765873846025], [35.13228104083743, 32.736732430757115], [35.13331495092427, 32.7347088644226], [35.13833801168994, 32.7384934598054], [35.14033240851387, 32.73757438864715], [35.144914521787825, 32.739635695031325], [35.141773576589344, 32.74340326624781], [35.146892823445114, 32.74553456147089], [35.14198608548952, 32.74613080209491], [35.14552818767578, 32.74836076104032], [35.14304917497947, 32.75003472042607], [35.14475725644229, 32.752905932862575], [35.149246771021694, 32.75302766779271], [35.14814724100245, 32.747538379592584], [35.15532054750531, 32.75186079384059], [35.15589045957711, 32.75052914340529], [35.1524088556842, 32.74650656132877]]]]}, "properties": {"sid": "944", "name": "בסמת טבעון"}}, {"type": "Feature", "geometry": {"type": "Polygon", "coordinates": [[[35.42812791077449, 32.517600137036766], [35.43137198303066, 32.52216316849547], [35.43576471616876, 32.52137110319393], [35.434921463254966, 32.518169389905495], [35.43765649225338, 32.51544596396013], [35.43710129219096, 32.51416818201602], [35.43430055782454, 32.51483614717051], [35.432997056169256, 32.511869790958144], [35.42707501150261, 32.51518552389285], [35.42812791077449, 32.517600137036766]]]}, "properties": {"sid": "95", "name": "בית אלפא"}}, {"type": "Feature", "geometry": {"type": "Polygon", "coordinates": [[[35.10316114587022, 32.867525589734214], [35.103794236215094, 32.864565068323316], [35.102008756399016, 32.86456544423993], [35.09972912789698, 32.85620081751375], [35.09898946699036, 32.846510540629026], [35.095407558112356, 32.84023657505793], [35.10382773056534, 32.8380284975172], [35.10538528440338, 32.83322606652979], [35.10159006802729, 32.830692122343635], [35.09304997008013, 32.833250157568784], [35.08921360702237, 32.827545174170496], [35.09131385135322, 32.82700518254319], [35.09097701387816, 32.82477816168284], [35.083298075246034, 32.82733652516055], [35.08285036844978, 32.82409686767636], [35.084066236567594, 32.82347420047404], [35.08267174510502, 32.82160866660672], [35.084533424478025, 32.82057519718768], [35.07481287641315, 32.81088715331953], [35.07233999889189, 32.81283061164345], [35.078785549713416, 32.81857432254702], [35.08055152593221, 32.82913322671709], [35.0935474741367, 32.8497258813444], [35.096353719548574, 32.875021529819776], [35.10028195105127, 32.87280352466297], [35.10316114587022, 32.867525589734214]]]}, "properties": {"sid": "9500", "name": "קריית ביאליק"}}, {"type": "Feature", "geometry": {"type": "Polygon", "coordinates": [[[35.07222892362597, 32.84205457615781], [35.069731129488105, 32.8423676562424], [35.06463027376816, 32.834505170477314], [35.05633811890914, 32.840179037332746], [35.06167871410145, 32.84956907285448], [35.06832861067687, 32.857190757047874], [35.074288458345734, 32.85541791360589], [35.075936117058234, 32.85688938253901], [35.07841135529986, 32.85635041164221], [35.082423689601626, 32.86096836469835], [35.08937057918894, 32.859928685460545], [35.07545416677641, 32.84046820084683], [35.07222892362597, 32.84205457615781]]]}, "properties": {"sid": "9600", "name": "קריית ים"}}, {"type": "Feature", "geometry": {"type": "Polygon", "coordinates": [[[35.314277216520395, 32.59766681477174], [35.31092677964722, 32.599819795347344], [35.31416148276628, 32.59931864543921], [35.314914575947, 32.60073714160586], [35.31132560379365, 32.6051448547513], [35.315822032360984, 32.60453341558474], [35.316859562219065, 32.609145933138336], [35.321183706762724, 32.61512843562883], [35.32409602720992, 32.613458735432346], [35.3231421999526, 32.60838000483341], [35.319832880083425, 32.608729045209316], [35.319618331520815, 32.604670593673006], [35.317932971429514, 32.60416585187261], [35.319643988279495, 32.602731103157964], [35.31788331806075, 32.60275169133752], [35.316937653050275, 32.59984303382902], [35.3182649219886, 32.59856032449943], [35.314277216520395, 32.59766681477174]]]}, "properties": {"sid": "97", "name": "מרחביה (מושב)"}}, {"type": "Feature", "geometry": {"type": "Polygon", "coordinates": [[[34.92643633017258, 32.164797162259276], [34.92732729841612, 32.162924740484414], [34.92496303561563, 32.16054770910955], [34.92588990389601, 32.15651575429865], [34.91851714664904, 32.15388497830918], [34.91104548016483, 32.14261111940766], [34.90682778567384, 32.14517184360574], [34.90959012078747, 32.14594607625048], [34.90910944844234, 32.148421396330434], [34.90603810267635, 32.148422293853855], [34.901309747047264, 32.15471572255262], [34.8982297839774, 32.153355848693536], [34.897170436566455, 32.14898186462142], [34.894891715480355, 32.14750382164408], [34.89456384784336, 32.1411011406052], [34.89260596889039, 32.138828069060196], [34.89434844852212, 32.138090082691235], [34.8997946511023, 32.14280729212288], [34.90336718095068, 32.141003357319164], [34.902387570130315, 32.13472715153688], [34.90472032518289, 32.133238135931265], [34.898697006961356, 32.13030272449117], [34.89663817461212, 32.12760769194148], [34.89141812634551, 32.13086999885144], [34.88994401610353, 32.13738183240571], [34.878372538262056, 32.137127423192055], [34.879027901216716, 32.13295068382706], [34.87115574324298, 32.13317077760934], [34.868249625419935, 32.143001635617054], [34.86915146107111, 32.14995338604001], [34.87333621429491, 32.149444039710716], [34.872619811655056, 32.153693315694], [34.87384653009332, 32.156848211176055], [34.877793612285416, 32.157938120248104], [34.88059444197995, 32.1624611534595], [34.88949357626757, 32.16265037171735], [34.88972625246464, 32.167043363860216], [34.89135891408267, 32.16708738927167], [34.891552744063915, 32.16282029502065], [34.89754105797351, 32.162901572149906], [34.89718524660191, 32.17198526260984], [34.91176856296886, 32.169687421937], [34.92643633017258, 32.164797162259276]]]}, "properties": {"sid": "9700", "name": "הוד השרון"}}, {"type": "Feature", "geometry": {"type": "Polygon", "coordinates": [[[35.23185912369968, 32.71823843765384], [35.23556516959695, 32.71717252159465], [35.23075983739665, 32.7163810291612], [35.22970381028267, 32.71192289462596], [35.21808798057589, 32.71348357450739], [35.21332506130261, 32.71213953231364], [35.21337176849238, 32.709379320499295], [35.212063028286195, 32.70876473280623], [35.21289961902227, 32.713897205991316], [35.216374120069645, 32.71411070594439], [35.22013209282187, 32.71669474056989], [35.21928375154397, 32.71923749721276], [35.216704439258535, 32.71929350519116], [35.22052025280749, 32.72148741571169], [35.216342127587154, 32.721376424982054], [35.211060070166184, 32.72570280344166], [35.20943689729501, 32.73195848939281], [35.212282840580656, 32.7339513987381], [35.21740690420529, 32.73315609407854], [35.21895681470528, 32.73578912916503], [35.21804217270818, 32.73735661511574], [35.23366081559419, 32.73572386446483], [35.23546844391359, 32.733965638603365], [35.234544814991295, 32.732405445255154], [35.23735543920219, 32.73041380215528], [35.23740471035916, 32.72618437600818], [35.2219129141497, 32.72361500572799], [35.22841642537776, 32.71831345010571], [35.23185912369968, 32.71823843765384]]]}, "properties": {"sid": "975", "name": "זרזיר"}}, {"type": "Feature", "geometry": {"type": "MultiPolygon", "coordinates": [[[[35.00167728807645, 32.5255673776324], [35.00015964435215, 32.52612293922232], [34.99830945291899, 32.5229659240382], [35.00214552189834, 32.520233558831706], [35.009093691220926, 32.5232842831432], [35.01622940606228, 32.52360720900555], [35.01710281774092, 32.51947055152476], [35.020358938214486, 32.518236293170446], [35.008888808571726, 32.51602035645436], [35.006794480880615, 32.513537795932564], [34.998602558161565, 32.513269657668616], [34.997133952669856, 32.517055575954146], [34.99055143510071, 32.52248198355676], [34.99688086276166, 32.5246296059716], [34.99945041470494, 32.528950352876564], [35.00249359370446, 32.52781075086551], [35.00167728807645, 32.5255673776324]]], [[[34.9335026596201, 32.52311144243919], [34.93444418145384, 32.529759118588515], [34.93894508594701, 32.52980016274739], [34.93724870106678, 32.53563808213181], [34.94400112665073, 32.53810964844155], [34.94560101337612, 32.533094742728224], [34.94678017386599, 32.536207615589035], [34.94916370643995, 32.53630754285888], [34.95199532532405, 32.5403699388217], [34.95090448095709, 32.5411422055484], [34.95324049785074, 32.545373213603], [34.95363103654313, 32.55046628479124], [34.95776357962558, 32.551766022783795], [34.96137553035652, 32.54678873031571], [34.956894927159226, 32.54395422101055], [34.94624997135912, 32.52961704549028], [34.9521929153708, 32.52501780912462], [34.95669224425171, 32.524996396266715], [34.957309657614644, 32.51854427859564], [34.95362252086272, 32.512271210547965], [34.947764609549154, 32.510755934738654], [34.9464784881917, 32.51376845944691], [34.9442897298872, 32.51337731820871], [34.94281936442218, 32.51693059627007], [34.934038691532464, 32.51603690038269], [34.9335026596201, 32.52311144243919]]]]}, "properties": {"sid": "9800", "name": "בנימינה-גבעת עדה"}}, {"type": "Feature", "geometry": {"type": "Polygon", "coordinates": [[[34.79099318878468, 30.60344059131029], [34.79201875046499, 30.616301607033563], [34.803613603485076, 30.62255819050813], [34.80373454611248, 30.615905791119417], [34.809432641603166, 30.613056517644225], [34.808324599500736, 30.60901282757999], [34.800100937907985, 30.60268165433496], [34.790176676312626, 30.60133846919507], [34.788435442241905, 30.60368364838172], [34.79099318878468, 30.60344059131029]]]}, "properties": {"sid": "99", "name": "מצפה רמון"}}, {"type": "Feature", "geometry": {"type": "Polygon", "coordinates": [[[35.22868094207189, 32.78896804453967], [35.22744703265448, 32.789119902261746], [35.227875753862975, 32.78684859428722], [35.225207585861426, 32.78471059821561], [35.22768576488619, 32.78394756392896], [35.229430126798945, 32.78524149499907], [35.228883086285464, 32.77763996551204], [35.227216504937815, 32.776946565731464], [35.229093521349, 32.772896460803054], [35.22698836941777, 32.772647201107475], [35.22483630974796, 32.76871749022007], [35.21721552757458, 32.770611781708396], [35.21516000652912, 32.76742788309036], [35.21534209676042, 32.76917967430256], [35.211304497804406, 32.772038169426025], [35.21791239154368, 32.77732034465822], [35.21748436281314, 32.78038102806204], [35.21526186914002, 32.78107546566025], [35.21531288138442, 32.78252122477477], [35.21697027795602, 32.78249772998629], [35.215957144007064, 32.78511208525458], [35.2214970136763, 32.786718675526515], [35.22347785681768, 32.78974511904204], [35.2183858225477, 32.79014403491931], [35.20922126504939, 32.7942487044142], [35.20977033982939, 32.79739430720156], [35.217159664387054, 32.796429933594595], [35.22134041472839, 32.79755550798035], [35.221328828762466, 32.796037798605596], [35.2273532837271, 32.795946778221264], [35.22855335435389, 32.79330349266212], [35.23298896626784, 32.79433160931637], [35.23204756134595, 32.796837098953006], [35.233649144192725, 32.79840413524272], [35.236596293584114, 32.79751214446992], [35.23408671562947, 32.79506695527584], [35.23687955484763, 32.79467926203836], [35.23553437141419, 32.791246192757626], [35.22707466206606, 32.79092359244987], [35.22868094207189, 32.78896804453967]]]}, "properties": {"sid": "998", "name": "ביר אל-מכסור"}}]}